timestamp,filePath,errorMessage
2024-12-23 19:31:58,C:\Users\pc\Desktop\retotecnico\emailSearch\indexer\data\enron_mail_20110402\maildir\brawner-s\_sent_mail,eaderstructure invalid: Message-ID field is empty
2024-12-23 19:31:59,C:\Users\pc\Desktop\retotecnico\emailSearch\indexer\data\enron_mail_20110402\maildir\brawner-s\all_documents,eaderstructure invalid: Message-ID field is empty
2024-12-23 19:31:59,C:\Users\pc\Desktop\retotecnico\emailSearch\indexer\data\enron_mail_20110402\maildir\brawner-s\contract,eaderstructure invalid: Message-ID field is empty
2024-12-23 19:32:00,C:\Users\pc\Desktop\retotecnico\emailSearch\indexer\data\enron_mail_20110402\maildir\brawner-s\deleted_items,eaderstructure invalid: Message-ID field is empty
2024-12-23 19:32:00,C:\Users\pc\Desktop\retotecnico\emailSearch\indexer\data\enron_mail_20110402\maildir\brawner-s\discussion_threads,eaderstructure invalid: Message-ID field is empty
2024-12-23 19:32:01,C:\Users\pc\Desktop\retotecnico\emailSearch\indexer\data\enron_mail_20110402\maildir\brawner-s\inbox,eaderstructure invalid: Message-ID field is empty
2024-12-23 19:32:01,C:\Users\pc\Desktop\retotecnico\emailSearch\indexer\data\enron_mail_20110402\maildir\brawner-s\john_memos,eaderstructure invalid: Message-ID field is empty
2024-12-23 19:32:01,C:\Users\pc\Desktop\retotecnico\emailSearch\indexer\data\enron_mail_20110402\maildir\brawner-s\misc,eaderstructure invalid: Message-ID field is empty
2024-12-23 19:32:01,C:\Users\pc\Desktop\retotecnico\emailSearch\indexer\data\enron_mail_20110402\maildir\brawner-s\notes_inbox,eaderstructure invalid: Message-ID field is empty
2024-12-23 19:32:02,C:\Users\pc\Desktop\retotecnico\emailSearch\indexer\data\enron_mail_20110402\maildir\brawner-s\sent,eaderstructure invalid: Message-ID field is empty
2024-12-23 19:32:02,C:\Users\pc\Desktop\retotecnico\emailSearch\indexer\data\enron_mail_20110402\maildir\brawner-s\sent_items,eaderstructure invalid: Message-ID field is empty
2024-12-23 19:32:02,C:\Users\pc\Desktop\retotecnico\emailSearch\indexer\data\enron_mail_20110402\maildir\brawner-s\to_do,eaderstructure invalid: Message-ID field is empty
2024-12-23 19:32:02,C:\Users\pc\Desktop\retotecnico\emailSearch\indexer\data\enron_mail_20110402\maildir\brawner-s\tasks,eaderstructure invalid: Message-ID field is empty
2024-12-23 19:32:02,C:\Users\pc\Desktop\retotecnico\emailSearch\indexer\data\enron_mail_20110402\maildir\brawner-s,eaderstructure invalid: Message-ID field is empty
2024-12-23 19:32:02,C:\Users\pc\Desktop\retotecnico\emailSearch\indexer\data\enron_mail_20110402\maildir\carson-m\_sent_mail,eaderstructure invalid: Message-ID field is empty
2024-12-23 19:32:03,C:\Users\pc\Desktop\retotecnico\emailSearch\indexer\data\enron_mail_20110402\maildir\carson-m\all_documents,eaderstructure invalid: Message-ID field is empty
2024-12-23 19:32:03,C:\Users\pc\Desktop\retotecnico\emailSearch\indexer\data\enron_mail_20110402\maildir\carson-m\broker_quotes,eaderstructure invalid: Message-ID field is empty
2024-12-23 19:32:03,C:\Users\pc\Desktop\retotecnico\emailSearch\indexer\data\enron_mail_20110402\maildir\carson-m\calendar,eaderstructure invalid: Message-ID field is empty
2024-12-23 19:32:04,C:\Users\pc\Desktop\retotecnico\emailSearch\indexer\data\enron_mail_20110402\maildir\carson-m\deleted_items,eaderstructure invalid: Message-ID field is empty
2024-12-23 19:32:05,C:\Users\pc\Desktop\retotecnico\emailSearch\indexer\data\enron_mail_20110402\maildir\carson-m\discussion_threads,eaderstructure invalid: Message-ID field is empty
2024-12-23 19:32:05,C:\Users\pc\Desktop\retotecnico\emailSearch\indexer\data\enron_mail_20110402\maildir\carson-m\notes_inbox,eaderstructure invalid: Message-ID field is empty
2024-12-23 19:32:05,C:\Users\pc\Desktop\retotecnico\emailSearch\indexer\data\enron_mail_20110402\maildir\carson-m\sent,eaderstructure invalid: Message-ID field is empty
2024-12-23 19:32:05,C:\Users\pc\Desktop\retotecnico\emailSearch\indexer\data\enron_mail_20110402\maildir\carson-m\sent_items,eaderstructure invalid: Message-ID field is empty
2024-12-23 19:32:05,C:\Users\pc\Desktop\retotecnico\emailSearch\indexer\data\enron_mail_20110402\maildir\carson-m,eaderstructure invalid: Message-ID field is empty
2024-12-23 19:32:06,C:\Users\pc\Desktop\retotecnico\emailSearch\indexer\data\enron_mail_20110402\maildir\cuilla-m\10_fantasy,eaderstructure invalid: Message-ID field is empty
2024-12-23 19:32:06,C:\Users\pc\Desktop\retotecnico\emailSearch\indexer\data\enron_mail_20110402\maildir\cuilla-m\12_fantasy,eaderstructure invalid: Message-ID field is empty
2024-12-23 19:32:06,C:\Users\pc\Desktop\retotecnico\emailSearch\indexer\data\enron_mail_20110402\maildir\cuilla-m\all_documents,eaderstructure invalid: Message-ID field is empty
2024-12-23 19:32:06,C:\Users\pc\Desktop\retotecnico\emailSearch\indexer\data\enron_mail_20110402\maildir\cuilla-m\bernhardt,eaderstructure invalid: Message-ID field is empty
2024-12-23 19:32:06,C:\Users\pc\Desktop\retotecnico\emailSearch\indexer\data\enron_mail_20110402\maildir\cuilla-m\_sent_mail,eaderstructure invalid: Message-ID field is empty
2024-12-23 19:32:06,C:\Users\pc\Desktop\retotecnico\emailSearch\indexer\data\enron_mail_20110402\maildir\cuilla-m\10_fantasy\requests,eaderstructure invalid: Message-ID field is empty
2024-12-23 19:32:06,C:\Users\pc\Desktop\retotecnico\emailSearch\indexer\data\enron_mail_20110402\maildir\cuilla-m\deleted_items,eaderstructure invalid: Message-ID field is empty
2024-12-23 19:32:06,C:\Users\pc\Desktop\retotecnico\emailSearch\indexer\data\enron_mail_20110402\maildir\cuilla-m\discussion_threads,eaderstructure invalid: Message-ID field is empty
2024-12-23 19:32:06,C:\Users\pc\Desktop\retotecnico\emailSearch\indexer\data\enron_mail_20110402\maildir\cuilla-m\inbox,eaderstructure invalid: Message-ID field is empty
2024-12-23 19:32:06,C:\Users\pc\Desktop\retotecnico\emailSearch\indexer\data\enron_mail_20110402\maildir\cuilla-m\notes_inbox,eaderstructure invalid: Message-ID field is empty
2024-12-23 19:32:06,C:\Users\pc\Desktop\retotecnico\emailSearch\indexer\data\enron_mail_20110402\maildir\cuilla-m\personal,eaderstructure invalid: Message-ID field is empty
2024-12-23 19:32:06,C:\Users\pc\Desktop\retotecnico\emailSearch\indexer\data\enron_mail_20110402\maildir\cuilla-m\sent,eaderstructure invalid: Message-ID field is empty
2024-12-23 19:32:06,C:\Users\pc\Desktop\retotecnico\emailSearch\indexer\data\enron_mail_20110402\maildir\cuilla-m,eaderstructure invalid: Message-ID field is empty
2024-12-23 19:32:06,C:\Users\pc\Desktop\retotecnico\emailSearch\indexer\data\enron_mail_20110402\maildir\cuilla-m\sent_items,eaderstructure invalid: Message-ID field is empty
2024-12-23 19:32:06,C:\Users\pc\Desktop\retotecnico\emailSearch\indexer\data\enron_mail_20110402\maildir\derrick-j\_sent_mail,eaderstructure invalid: Message-ID field is empty
2024-12-23 19:32:06,C:\Users\pc\Desktop\retotecnico\emailSearch\indexer\data\enron_mail_20110402\maildir\derrick-j\all_documents,eaderstructure invalid: Message-ID field is empty
2024-12-23 19:32:06,C:\Users\pc\Desktop\retotecnico\emailSearch\indexer\data\enron_mail_20110402\maildir\derrick-j\calendar,eaderstructure invalid: Message-ID field is empty
2024-12-23 19:32:07,C:\Users\pc\Desktop\retotecnico\emailSearch\indexer\data\enron_mail_20110402\maildir\derrick-j\contacts,eaderstructure invalid: Message-ID field is empty
2024-12-23 19:32:07,C:\Users\pc\Desktop\retotecnico\emailSearch\indexer\data\enron_mail_20110402\maildir\derrick-j\corpgen,eaderstructure invalid: Message-ID field is empty
2024-12-23 19:32:08,C:\Users\pc\Desktop\retotecnico\emailSearch\indexer\data\enron_mail_20110402\maildir\derrick-j\deleted_items,eaderstructure invalid: Message-ID field is empty
2024-12-23 19:32:09,C:\Users\pc\Desktop\retotecnico\emailSearch\indexer\data\enron_mail_20110402\maildir\derrick-j\discussion_threads,eaderstructure invalid: Message-ID field is empty
2024-12-23 19:32:09,C:\Users\pc\Desktop\retotecnico\emailSearch\indexer\data\enron_mail_20110402\maildir\derrick-j\inbox,eaderstructure invalid: Message-ID field is empty
2024-12-23 19:32:09,C:\Users\pc\Desktop\retotecnico\emailSearch\indexer\data\enron_mail_20110402\maildir\derrick-j\leg_conf_topics,eaderstructure invalid: Message-ID field is empty
2024-12-23 19:32:10,C:\Users\pc\Desktop\retotecnico\emailSearch\indexer\data\enron_mail_20110402\maildir\derrick-j\notes_inbox,eaderstructure invalid: Message-ID field is empty
2024-12-23 19:32:10,C:\Users\pc\Desktop\retotecnico\emailSearch\indexer\data\enron_mail_20110402\maildir\derrick-j\sent,eaderstructure invalid: Message-ID field is empty
2024-12-23 19:32:12,C:\Users\pc\Desktop\retotecnico\emailSearch\indexer\data\enron_mail_20110402\maildir\derrick-j\sent_items,eaderstructure invalid: Message-ID field is empty
2024-12-23 19:32:12,C:\Users\pc\Desktop\retotecnico\emailSearch\indexer\data\enron_mail_20110402\maildir\derrick-j,eaderstructure invalid: Message-ID field is empty
2024-12-23 19:32:12,C:\Users\pc\Desktop\retotecnico\emailSearch\indexer\data\enron_mail_20110402\maildir\donoho-l\deleted_items,eaderstructure invalid: Message-ID field is empty
2024-12-23 19:32:14,C:\Users\pc\Desktop\retotecnico\emailSearch\indexer\data\enron_mail_20110402\maildir\donoho-l\inbox\junk_file,eaderstructure invalid: Message-ID field is empty
2024-12-23 19:32:14,C:\Users\pc\Desktop\retotecnico\emailSearch\indexer\data\enron_mail_20110402\maildir\donoho-l\inbox,eaderstructure invalid: Message-ID field is empty
2024-12-23 19:32:14,C:\Users\pc\Desktop\retotecnico\emailSearch\indexer\data\enron_mail_20110402\maildir\donoho-l\outbox,eaderstructure invalid: Message-ID field is empty
2024-12-23 19:32:15,C:\Users\pc\Desktop\retotecnico\emailSearch\indexer\data\enron_mail_20110402\maildir\donoho-l\sent_items,eaderstructure invalid: Message-ID field is empty
2024-12-23 19:32:15,C:\Users\pc\Desktop\retotecnico\emailSearch\indexer\data\enron_mail_20110402\maildir\donoho-l\tasks,eaderstructure invalid: Message-ID field is empty
2024-12-23 19:32:15,C:\Users\pc\Desktop\retotecnico\emailSearch\indexer\data\enron_mail_20110402\maildir\donoho-l,eaderstructure invalid: Message-ID field is empty
2024-12-23 19:32:15,C:\Users\pc\Desktop\retotecnico\emailSearch\indexer\data\enron_mail_20110402\maildir\fossum-d\_sent_mail,eaderstructure invalid: Message-ID field is empty
2024-12-23 19:32:15,C:\Users\pc\Desktop\retotecnico\emailSearch\indexer\data\enron_mail_20110402\maildir\fossum-d\all_documents,eaderstructure invalid: Message-ID field is empty
2024-12-23 19:32:15,C:\Users\pc\Desktop\retotecnico\emailSearch\indexer\data\enron_mail_20110402\maildir\fossum-d\discussion_threads,eaderstructure invalid: Message-ID field is empty
2024-12-23 19:32:15,C:\Users\pc\Desktop\retotecnico\emailSearch\indexer\data\enron_mail_20110402\maildir\fossum-d\favorites,eaderstructure invalid: Message-ID field is empty
2024-12-23 19:32:15,C:\Users\pc\Desktop\retotecnico\emailSearch\indexer\data\enron_mail_20110402\maildir\fossum-d\notes_inbox,eaderstructure invalid: Message-ID field is empty
2024-12-23 19:32:16,C:\Users\pc\Desktop\retotecnico\emailSearch\indexer\data\enron_mail_20110402\maildir\fossum-d\sent,eaderstructure invalid: Message-ID field is empty
2024-12-23 19:32:16,C:\Users\pc\Desktop\retotecnico\emailSearch\indexer\data\enron_mail_20110402\maildir\fossum-d\tasks,eaderstructure invalid: Message-ID field is empty
2024-12-23 19:32:16,C:\Users\pc\Desktop\retotecnico\emailSearch\indexer\data\enron_mail_20110402\maildir\fossum-d,eaderstructure invalid: Message-ID field is empty
2024-12-23 19:32:21,C:\Users\pc\Desktop\retotecnico\emailSearch\indexer\data\enron_mail_20110402\maildir\grigsby-m\_sent_mail,eaderstructure invalid: Message-ID field is empty
2024-12-23 19:32:22,C:\Users\pc\Desktop\retotecnico\emailSearch\indexer\data\enron_mail_20110402\maildir\grigsby-m\all_documents,eaderstructure invalid: Message-ID field is empty
2024-12-23 19:32:22,C:\Users\pc\Desktop\retotecnico\emailSearch\indexer\data\enron_mail_20110402\maildir\grigsby-m\contacts,eaderstructure invalid: Message-ID field is empty
2024-12-23 19:32:24,C:\Users\pc\Desktop\retotecnico\emailSearch\indexer\data\enron_mail_20110402\maildir\grigsby-m\deleted_items,eaderstructure invalid: Message-ID field is empty
2024-12-23 19:32:25,C:\Users\pc\Desktop\retotecnico\emailSearch\indexer\data\enron_mail_20110402\maildir\grigsby-m\discussion_threads,eaderstructure invalid: Message-ID field is empty
2024-12-23 19:32:25,C:\Users\pc\Desktop\retotecnico\emailSearch\indexer\data\enron_mail_20110402\maildir\grigsby-m\inbox,eaderstructure invalid: Message-ID field is empty
2024-12-23 19:32:26,C:\Users\pc\Desktop\retotecnico\emailSearch\indexer\data\enron_mail_20110402\maildir\grigsby-m\notes_inbox,eaderstructure invalid: Message-ID field is empty
2024-12-23 19:32:27,C:\Users\pc\Desktop\retotecnico\emailSearch\indexer\data\enron_mail_20110402\maildir\grigsby-m\sent,eaderstructure invalid: Message-ID field is empty
2024-12-23 19:32:28,C:\Users\pc\Desktop\retotecnico\emailSearch\indexer\data\enron_mail_20110402\maildir\grigsby-m\sent_items,eaderstructure invalid: Message-ID field is empty
2024-12-23 19:32:28,C:\Users\pc\Desktop\retotecnico\emailSearch\indexer\data\enron_mail_20110402\maildir\haedicke-m\accomplishments,eaderstructure invalid: Message-ID field is empty
2024-12-23 19:32:28,C:\Users\pc\Desktop\retotecnico\emailSearch\indexer\data\enron_mail_20110402\maildir\grigsby-m,eaderstructure invalid: Message-ID field is empty
2024-12-23 19:32:28,C:\Users\pc\Desktop\retotecnico\emailSearch\indexer\data\enron_mail_20110402\maildir\haedicke-m\albertappas,eaderstructure invalid: Message-ID field is empty
2024-12-23 19:32:28,C:\Users\pc\Desktop\retotecnico\emailSearch\indexer\data\enron_mail_20110402\maildir\haedicke-m\all_documents,eaderstructure invalid: Message-ID field is empty
2024-12-23 19:32:28,C:\Users\pc\Desktop\retotecnico\emailSearch\indexer\data\enron_mail_20110402\maildir\haedicke-m\arcor,eaderstructure invalid: Message-ID field is empty
2024-12-23 19:32:28,C:\Users\pc\Desktop\retotecnico\emailSearch\indexer\data\enron_mail_20110402\maildir\haedicke-m\brazos_tenaska,eaderstructure invalid: Message-ID field is empty
2024-12-23 19:32:28,C:\Users\pc\Desktop\retotecnico\emailSearch\indexer\data\enron_mail_20110402\maildir\haedicke-m\brazilian_arbitration,eaderstructure invalid: Message-ID field is empty
2024-12-23 19:32:28,C:\Users\pc\Desktop\retotecnico\emailSearch\indexer\data\enron_mail_20110402\maildir\haedicke-m\art,eaderstructure invalid: Message-ID field is empty
2024-12-23 19:32:28,C:\Users\pc\Desktop\retotecnico\emailSearch\indexer\data\enron_mail_20110402\maildir\haedicke-m\budget,eaderstructure invalid: Message-ID field is empty
2024-12-23 19:32:28,C:\Users\pc\Desktop\retotecnico\emailSearch\indexer\data\enron_mail_20110402\maildir\haedicke-m\california,eaderstructure invalid: Message-ID field is empty
2024-12-23 19:32:28,C:\Users\pc\Desktop\retotecnico\emailSearch\indexer\data\enron_mail_20110402\maildir\haedicke-m\bear,eaderstructure invalid: Message-ID field is empty
2024-12-23 19:32:28,C:\Users\pc\Desktop\retotecnico\emailSearch\indexer\data\enron_mail_20110402\maildir\haedicke-m\calendar,eaderstructure invalid: Message-ID field is empty
2024-12-23 19:32:28,C:\Users\pc\Desktop\retotecnico\emailSearch\indexer\data\enron_mail_20110402\maildir\haedicke-m\cftc,eaderstructure invalid: Message-ID field is empty
2024-12-23 19:32:28,C:\Users\pc\Desktop\retotecnico\emailSearch\indexer\data\enron_mail_20110402\maildir\haedicke-m\chinesewallspolicy,eaderstructure invalid: Message-ID field is empty
2024-12-23 19:32:28,C:\Users\pc\Desktop\retotecnico\emailSearch\indexer\data\enron_mail_20110402\maildir\haedicke-m\cuiaba,eaderstructure invalid: Message-ID field is empty
2024-12-23 19:32:28,C:\Users\pc\Desktop\retotecnico\emailSearch\indexer\data\enron_mail_20110402\maildir\haedicke-m\eecc,eaderstructure invalid: Message-ID field is empty
2024-12-23 19:32:28,C:\Users\pc\Desktop\retotecnico\emailSearch\indexer\data\enron_mail_20110402\maildir\haedicke-m\dabhol,eaderstructure invalid: Message-ID field is empty
2024-12-23 19:32:28,C:\Users\pc\Desktop\retotecnico\emailSearch\indexer\data\enron_mail_20110402\maildir\haedicke-m\globalassets,eaderstructure invalid: Message-ID field is empty
2024-12-23 19:32:28,C:\Users\pc\Desktop\retotecnico\emailSearch\indexer\data\enron_mail_20110402\maildir\haedicke-m\deleted_items,eaderstructure invalid: Message-ID field is empty
2024-12-23 19:32:28,C:\Users\pc\Desktop\retotecnico\emailSearch\indexer\data\enron_mail_20110402\maildir\haedicke-m\enron_net_works,eaderstructure invalid: Message-ID field is empty
2024-12-23 19:32:28,C:\Users\pc\Desktop\retotecnico\emailSearch\indexer\data\enron_mail_20110402\maildir\haedicke-m\fuel,eaderstructure invalid: Message-ID field is empty
2024-12-23 19:32:28,C:\Users\pc\Desktop\retotecnico\emailSearch\indexer\data\enron_mail_20110402\maildir\haedicke-m\hpl,eaderstructure invalid: Message-ID field is empty
2024-12-23 19:32:28,C:\Users\pc\Desktop\retotecnico\emailSearch\indexer\data\enron_mail_20110402\maildir\haedicke-m\inbox\360network,eaderstructure invalid: Message-ID field is empty
2024-12-23 19:32:29,C:\Users\pc\Desktop\retotecnico\emailSearch\indexer\data\enron_mail_20110402\maildir\haedicke-m\inbox\ees_products\directaccess,eaderstructure invalid: Message-ID field is empty
2024-12-23 19:32:29,C:\Users\pc\Desktop\retotecnico\emailSearch\indexer\data\enron_mail_20110402\maildir\haedicke-m\inbox\ees_products,eaderstructure invalid: Message-ID field is empty
2024-12-23 19:32:29,C:\Users\pc\Desktop\retotecnico\emailSearch\indexer\data\enron_mail_20110402\maildir\haedicke-m\inbox\msu,eaderstructure invalid: Message-ID field is empty
2024-12-23 19:32:29,C:\Users\pc\Desktop\retotecnico\emailSearch\indexer\data\enron_mail_20110402\maildir\haedicke-m\inbox\negctc,eaderstructure invalid: Message-ID field is empty
2024-12-23 19:32:29,C:\Users\pc\Desktop\retotecnico\emailSearch\indexer\data\enron_mail_20110402\maildir\haedicke-m\isda,eaderstructure invalid: Message-ID field is empty
2024-12-23 19:32:29,C:\Users\pc\Desktop\retotecnico\emailSearch\indexer\data\enron_mail_20110402\maildir\haedicke-m\inbox,eaderstructure invalid: Message-ID field is empty
2024-12-23 19:32:29,C:\Users\pc\Desktop\retotecnico\emailSearch\indexer\data\enron_mail_20110402\maildir\haedicke-m\inbox\pg_eplanofreorg,eaderstructure invalid: Message-ID field is empty
2024-12-23 19:32:29,C:\Users\pc\Desktop\retotecnico\emailSearch\indexer\data\enron_mail_20110402\maildir\haedicke-m\mehpictures,eaderstructure invalid: Message-ID field is empty
2024-12-23 19:32:29,C:\Users\pc\Desktop\retotecnico\emailSearch\indexer\data\enron_mail_20110402\maildir\haedicke-m\newpowernoncompete,eaderstructure invalid: Message-ID field is empty
2024-12-23 19:32:29,C:\Users\pc\Desktop\retotecnico\emailSearch\indexer\data\enron_mail_20110402\maildir\haedicke-m\lexisid,eaderstructure invalid: Message-ID field is empty
2024-12-23 19:32:29,C:\Users\pc\Desktop\retotecnico\emailSearch\indexer\data\enron_mail_20110402\maildir\haedicke-m\municipalities,eaderstructure invalid: Message-ID field is empty
2024-12-23 19:32:29,C:\Users\pc\Desktop\retotecnico\emailSearch\indexer\data\enron_mail_20110402\maildir\haedicke-m\japan,eaderstructure invalid: Message-ID field is empty
2024-12-23 19:32:29,C:\Users\pc\Desktop\retotecnico\emailSearch\indexer\data\enron_mail_20110402\maildir\haedicke-m\notes_inbox,eaderstructure invalid: Message-ID field is empty
2024-12-23 19:32:29,C:\Users\pc\Desktop\retotecnico\emailSearch\indexer\data\enron_mail_20110402\maildir\haedicke-m\performancematters,eaderstructure invalid: Message-ID field is empty
2024-12-23 19:32:29,C:\Users\pc\Desktop\retotecnico\emailSearch\indexer\data\enron_mail_20110402\maildir\haedicke-m\policies,eaderstructure invalid: Message-ID field is empty
2024-12-23 19:32:29,C:\Users\pc\Desktop\retotecnico\emailSearch\indexer\data\enron_mail_20110402\maildir\haedicke-m\powersystems,eaderstructure invalid: Message-ID field is empty
2024-12-23 19:32:29,C:\Users\pc\Desktop\retotecnico\emailSearch\indexer\data\enron_mail_20110402\maildir\haedicke-m\organizationalchanges,eaderstructure invalid: Message-ID field is empty
2024-12-23 19:32:29,C:\Users\pc\Desktop\retotecnico\emailSearch\indexer\data\enron_mail_20110402\maildir\haedicke-m\riskratings,eaderstructure invalid: Message-ID field is empty
2024-12-23 19:32:29,C:\Users\pc\Desktop\retotecnico\emailSearch\indexer\data\enron_mail_20110402\maildir\haedicke-m\powercontracts,eaderstructure invalid: Message-ID field is empty
2024-12-23 19:32:29,C:\Users\pc\Desktop\retotecnico\emailSearch\indexer\data\enron_mail_20110402\maildir\haedicke-m\sempre,eaderstructure invalid: Message-ID field is empty
2024-12-23 19:32:29,C:\Users\pc\Desktop\retotecnico\emailSearch\indexer\data\enron_mail_20110402\maildir\haedicke-m\riskmemos,eaderstructure invalid: Message-ID field is empty
2024-12-23 19:32:29,C:\Users\pc\Desktop\retotecnico\emailSearch\indexer\data\enron_mail_20110402\maildir\haedicke-m\prc,eaderstructure invalid: Message-ID field is empty
2024-12-23 19:32:29,C:\Users\pc\Desktop\retotecnico\emailSearch\indexer\data\enron_mail_20110402\maildir\haedicke-m\sent,eaderstructure invalid: Message-ID field is empty
2024-12-23 19:32:29,C:\Users\pc\Desktop\retotecnico\emailSearch\indexer\data\enron_mail_20110402\maildir\haedicke-m\sent_items,eaderstructure invalid: Message-ID field is empty
2024-12-23 19:32:29,C:\Users\pc\Desktop\retotecnico\emailSearch\indexer\data\enron_mail_20110402\maildir\haedicke-m\southamerica,eaderstructure invalid: Message-ID field is empty
2024-12-23 19:32:29,C:\Users\pc\Desktop\retotecnico\emailSearch\indexer\data\enron_mail_20110402\maildir\haedicke-m\stanley,eaderstructure invalid: Message-ID field is empty
2024-12-23 19:32:29,C:\Users\pc\Desktop\retotecnico\emailSearch\indexer\data\enron_mail_20110402\maildir\haedicke-m\vitro,eaderstructure invalid: Message-ID field is empty
2024-12-23 19:32:29,C:\Users\pc\Desktop\retotecnico\emailSearch\indexer\data\enron_mail_20110402\maildir\haedicke-m\toptenrisks,eaderstructure invalid: Message-ID field is empty
2024-12-23 19:32:29,C:\Users\pc\Desktop\retotecnico\emailSearch\indexer\data\enron_mail_20110402\maildir\haedicke-m\tva,eaderstructure invalid: Message-ID field is empty
2024-12-23 19:32:29,C:\Users\pc\Desktop\retotecnico\emailSearch\indexer\data\enron_mail_20110402\maildir\harris-s\deleted_items,eaderstructure invalid: Message-ID field is empty
2024-12-23 19:32:29,C:\Users\pc\Desktop\retotecnico\emailSearch\indexer\data\enron_mail_20110402\maildir\haedicke-m,eaderstructure invalid: Message-ID field is empty
2024-12-23 19:32:29,C:\Users\pc\Desktop\retotecnico\emailSearch\indexer\data\enron_mail_20110402\maildir\harris-s\inbox,eaderstructure invalid: Message-ID field is empty
2024-12-23 19:32:29,C:\Users\pc\Desktop\retotecnico\emailSearch\indexer\data\enron_mail_20110402\maildir\harris-s,eaderstructure invalid: Message-ID field is empty
2024-12-23 19:32:29,C:\Users\pc\Desktop\retotecnico\emailSearch\indexer\data\enron_mail_20110402\maildir\haedicke-m\technologyplan,eaderstructure invalid: Message-ID field is empty
2024-12-23 19:32:29,C:\Users\pc\Desktop\retotecnico\emailSearch\indexer\data\enron_mail_20110402\maildir\hernandez-j\24_hr_power\southeast_legal,eaderstructure invalid: Message-ID field is empty
2024-12-23 19:32:29,C:\Users\pc\Desktop\retotecnico\emailSearch\indexer\data\enron_mail_20110402\maildir\hernandez-j\24_hr_power,eaderstructure invalid: Message-ID field is empty
2024-12-23 19:32:29,C:\Users\pc\Desktop\retotecnico\emailSearch\indexer\data\enron_mail_20110402\maildir\hernandez-j\_sent_mail,eaderstructure invalid: Message-ID field is empty
2024-12-23 19:32:29,C:\Users\pc\Desktop\retotecnico\emailSearch\indexer\data\enron_mail_20110402\maildir\hernandez-j\all_documents,eaderstructure invalid: Message-ID field is empty
2024-12-23 19:32:29,C:\Users\pc\Desktop\retotecnico\emailSearch\indexer\data\enron_mail_20110402\maildir\hernandez-j\daily_blessings,eaderstructure invalid: Message-ID field is empty
2024-12-23 19:32:29,C:\Users\pc\Desktop\retotecnico\emailSearch\indexer\data\enron_mail_20110402\maildir\hernandez-j\counterparty_names,eaderstructure invalid: Message-ID field is empty
2024-12-23 19:32:29,C:\Users\pc\Desktop\retotecnico\emailSearch\indexer\data\enron_mail_20110402\maildir\hernandez-j\deleted_items,eaderstructure invalid: Message-ID field is empty
2024-12-23 19:32:29,C:\Users\pc\Desktop\retotecnico\emailSearch\indexer\data\enron_mail_20110402\maildir\hernandez-j\discussion_threads,eaderstructure invalid: Message-ID field is empty
2024-12-23 19:32:31,C:\Users\pc\Desktop\retotecnico\emailSearch\indexer\data\enron_mail_20110402\maildir\hernandez-j\inbox,eaderstructure invalid: Message-ID field is empty
2024-12-23 19:32:31,C:\Users\pc\Desktop\retotecnico\emailSearch\indexer\data\enron_mail_20110402\maildir\hernandez-j\jrhernandez,eaderstructure invalid: Message-ID field is empty
2024-12-23 19:32:31,C:\Users\pc\Desktop\retotecnico\emailSearch\indexer\data\enron_mail_20110402\maildir\hernandez-j\notes_inbox,eaderstructure invalid: Message-ID field is empty
2024-12-23 19:32:31,C:\Users\pc\Desktop\retotecnico\emailSearch\indexer\data\enron_mail_20110402\maildir\hernandez-j\private_folders\judy,eaderstructure invalid: Message-ID field is empty
2024-12-23 19:32:31,C:\Users\pc\Desktop\retotecnico\emailSearch\indexer\data\enron_mail_20110402\maildir\hernandez-j\private_folders,eaderstructure invalid: Message-ID field is empty
2024-12-23 19:32:33,C:\Users\pc\Desktop\retotecnico\emailSearch\indexer\data\enron_mail_20110402\maildir\hernandez-j\sent,eaderstructure invalid: Message-ID field is empty
2024-12-23 19:32:33,C:\Users\pc\Desktop\retotecnico\emailSearch\indexer\data\enron_mail_20110402\maildir\hernandez-j\sent_items,eaderstructure invalid: Message-ID field is empty
2024-12-23 19:32:33,C:\Users\pc\Desktop\retotecnico\emailSearch\indexer\data\enron_mail_20110402\maildir\hernandez-j,eaderstructure invalid: Message-ID field is empty
2024-12-23 19:32:33,C:\Users\pc\Desktop\retotecnico\emailSearch\indexer\data\enron_mail_20110402\maildir\hernandez-j\to_do,eaderstructure invalid: Message-ID field is empty
2024-12-23 19:32:34,C:\Users\pc\Desktop\retotecnico\emailSearch\indexer\data\enron_mail_20110402\maildir\hyvl-d\all_documents,eaderstructure invalid: Message-ID field is empty
2024-12-23 19:32:34,C:\Users\pc\Desktop\retotecnico\emailSearch\indexer\data\enron_mail_20110402\maildir\hyvl-d\gas\alabama_gas_corp,eaderstructure invalid: Message-ID field is empty
2024-12-23 19:32:34,C:\Users\pc\Desktop\retotecnico\emailSearch\indexer\data\enron_mail_20110402\maildir\hyvl-d\gas\brazos,eaderstructure invalid: Message-ID field is empty
2024-12-23 19:32:34,C:\Users\pc\Desktop\retotecnico\emailSearch\indexer\data\enron_mail_20110402\maildir\hyvl-d\gas\cage,eaderstructure invalid: Message-ID field is empty
2024-12-23 19:32:34,C:\Users\pc\Desktop\retotecnico\emailSearch\indexer\data\enron_mail_20110402\maildir\hyvl-d\gas\calpine,eaderstructure invalid: Message-ID field is empty
2024-12-23 19:32:34,C:\Users\pc\Desktop\retotecnico\emailSearch\indexer\data\enron_mail_20110402\maildir\hyvl-d\gas\chicago_office,eaderstructure invalid: Message-ID field is empty
2024-12-23 19:32:34,C:\Users\pc\Desktop\retotecnico\emailSearch\indexer\data\enron_mail_20110402\maildir\hyvl-d\gas\cps,eaderstructure invalid: Message-ID field is empty
2024-12-23 19:32:34,C:\Users\pc\Desktop\retotecnico\emailSearch\indexer\data\enron_mail_20110402\maildir\hyvl-d\gas\crestar,eaderstructure invalid: Message-ID field is empty
2024-12-23 19:32:34,C:\Users\pc\Desktop\retotecnico\emailSearch\indexer\data\enron_mail_20110402\maildir\hyvl-d\gas\denver,eaderstructure invalid: Message-ID field is empty
2024-12-23 19:32:34,C:\Users\pc\Desktop\retotecnico\emailSearch\indexer\data\enron_mail_20110402\maildir\hyvl-d\gas\dynegy,eaderstructure invalid: Message-ID field is empty
2024-12-23 19:32:34,C:\Users\pc\Desktop\retotecnico\emailSearch\indexer\data\enron_mail_20110402\maildir\hyvl-d\gas\engage,eaderstructure invalid: Message-ID field is empty
2024-12-23 19:32:34,C:\Users\pc\Desktop\retotecnico\emailSearch\indexer\data\enron_mail_20110402\maildir\hyvl-d\gas\foster_ward,eaderstructure invalid: Message-ID field is empty
2024-12-23 19:32:34,C:\Users\pc\Desktop\retotecnico\emailSearch\indexer\data\enron_mail_20110402\maildir\hyvl-d\gas\entex,eaderstructure invalid: Message-ID field is empty
2024-12-23 19:32:34,C:\Users\pc\Desktop\retotecnico\emailSearch\indexer\data\enron_mail_20110402\maildir\hyvl-d\gas\enovate,eaderstructure invalid: Message-ID field is empty
2024-12-23 19:32:34,C:\Users\pc\Desktop\retotecnico\emailSearch\indexer\data\enron_mail_20110402\maildir\hyvl-d\gas\gre,eaderstructure invalid: Message-ID field is empty
2024-12-23 19:32:34,C:\Users\pc\Desktop\retotecnico\emailSearch\indexer\data\enron_mail_20110402\maildir\hyvl-d\gas\gtcs,eaderstructure invalid: Message-ID field is empty
2024-12-23 19:32:34,C:\Users\pc\Desktop\retotecnico\emailSearch\indexer\data\enron_mail_20110402\maildir\hyvl-d\gas\guadalupe,eaderstructure invalid: Message-ID field is empty
2024-12-23 19:32:34,C:\Users\pc\Desktop\retotecnico\emailSearch\indexer\data\enron_mail_20110402\maildir\hyvl-d\gas\hilcorp,eaderstructure invalid: Message-ID field is empty
2024-12-23 19:32:34,C:\Users\pc\Desktop\retotecnico\emailSearch\indexer\data\enron_mail_20110402\maildir\hyvl-d\gas\hpl_customers,eaderstructure invalid: Message-ID field is empty
2024-12-23 19:32:34,C:\Users\pc\Desktop\retotecnico\emailSearch\indexer\data\enron_mail_20110402\maildir\hyvl-d\gas\national_steel,eaderstructure invalid: Message-ID field is empty
2024-12-23 19:32:34,C:\Users\pc\Desktop\retotecnico\emailSearch\indexer\data\enron_mail_20110402\maildir\hyvl-d\gas\mesa,eaderstructure invalid: Message-ID field is empty
2024-12-23 19:32:34,C:\Users\pc\Desktop\retotecnico\emailSearch\indexer\data\enron_mail_20110402\maildir\hyvl-d\gas\peak,eaderstructure invalid: Message-ID field is empty
2024-12-23 19:32:34,C:\Users\pc\Desktop\retotecnico\emailSearch\indexer\data\enron_mail_20110402\maildir\hyvl-d\gas\sithe,eaderstructure invalid: Message-ID field is empty
2024-12-23 19:32:34,C:\Users\pc\Desktop\retotecnico\emailSearch\indexer\data\enron_mail_20110402\maildir\hyvl-d\gas\pg_e,eaderstructure invalid: Message-ID field is empty
2024-12-23 19:32:34,C:\Users\pc\Desktop\retotecnico\emailSearch\indexer\data\enron_mail_20110402\maildir\hyvl-d\gas\palo_alto,eaderstructure invalid: Message-ID field is empty
2024-12-23 19:32:34,C:\Users\pc\Desktop\retotecnico\emailSearch\indexer\data\enron_mail_20110402\maildir\hyvl-d\gas\ormet,eaderstructure invalid: Message-ID field is empty
2024-12-23 19:32:34,C:\Users\pc\Desktop\retotecnico\emailSearch\indexer\data\enron_mail_20110402\maildir\hyvl-d\gas\sacramento,eaderstructure invalid: Message-ID field is empty
2024-12-23 19:32:34,C:\Users\pc\Desktop\retotecnico\emailSearch\indexer\data\enron_mail_20110402\maildir\hyvl-d\gas\wisconsin,eaderstructure invalid: Message-ID field is empty
2024-12-23 19:32:34,C:\Users\pc\Desktop\retotecnico\emailSearch\indexer\data\enron_mail_20110402\maildir\hyvl-d\gas\southern,eaderstructure invalid: Message-ID field is empty
2024-12-23 19:32:34,C:\Users\pc\Desktop\retotecnico\emailSearch\indexer\data\enron_mail_20110402\maildir\hyvl-d\gas\westvaco,eaderstructure invalid: Message-ID field is empty
2024-12-23 19:32:34,C:\Users\pc\Desktop\retotecnico\emailSearch\indexer\data\enron_mail_20110402\maildir\hyvl-d\gas,eaderstructure invalid: Message-ID field is empty
2024-12-23 19:32:34,C:\Users\pc\Desktop\retotecnico\emailSearch\indexer\data\enron_mail_20110402\maildir\hyvl-d\miscellaneous\asset_group,eaderstructure invalid: Message-ID field is empty
2024-12-23 19:32:34,C:\Users\pc\Desktop\retotecnico\emailSearch\indexer\data\enron_mail_20110402\maildir\hyvl-d\miscellaneous\cle,eaderstructure invalid: Message-ID field is empty
2024-12-23 19:32:34,C:\Users\pc\Desktop\retotecnico\emailSearch\indexer\data\enron_mail_20110402\maildir\hyvl-d\miscellaneous\confidentiality,eaderstructure invalid: Message-ID field is empty
2024-12-23 19:32:34,C:\Users\pc\Desktop\retotecnico\emailSearch\indexer\data\enron_mail_20110402\maildir\hyvl-d\miscellaneous\credit,eaderstructure invalid: Message-ID field is empty
2024-12-23 19:32:34,C:\Users\pc\Desktop\retotecnico\emailSearch\indexer\data\enron_mail_20110402\maildir\hyvl-d\miscellaneous\parking,eaderstructure invalid: Message-ID field is empty
2024-12-23 19:32:34,C:\Users\pc\Desktop\retotecnico\emailSearch\indexer\data\enron_mail_20110402\maildir\hyvl-d\miscellaneous\sap,eaderstructure invalid: Message-ID field is empty
2024-12-23 19:32:34,C:\Users\pc\Desktop\retotecnico\emailSearch\indexer\data\enron_mail_20110402\maildir\hyvl-d\miscellaneous,eaderstructure invalid: Message-ID field is empty
2024-12-23 19:32:34,C:\Users\pc\Desktop\retotecnico\emailSearch\indexer\data\enron_mail_20110402\maildir\hyvl-d\miscellaneous\triple_lux,eaderstructure invalid: Message-ID field is empty
2024-12-23 19:32:34,C:\Users\pc\Desktop\retotecnico\emailSearch\indexer\data\enron_mail_20110402\maildir\hyvl-d\miscellaneous\truequote,eaderstructure invalid: Message-ID field is empty
2024-12-23 19:32:34,C:\Users\pc\Desktop\retotecnico\emailSearch\indexer\data\enron_mail_20110402\maildir\hyvl-d\notes_inbox,eaderstructure invalid: Message-ID field is empty
2024-12-23 19:32:34,C:\Users\pc\Desktop\retotecnico\emailSearch\indexer\data\enron_mail_20110402\maildir\hyvl-d\power_projects\dom_rep,eaderstructure invalid: Message-ID field is empty
2024-12-23 19:32:34,C:\Users\pc\Desktop\retotecnico\emailSearch\indexer\data\enron_mail_20110402\maildir\hyvl-d\power_projects,eaderstructure invalid: Message-ID field is empty
2024-12-23 19:32:34,C:\Users\pc\Desktop\retotecnico\emailSearch\indexer\data\enron_mail_20110402\maildir\hyvl-d\power_projects\guatemala,eaderstructure invalid: Message-ID field is empty
2024-12-23 19:32:34,C:\Users\pc\Desktop\retotecnico\emailSearch\indexer\data\enron_mail_20110402\maildir\king-j\_sent_mail,eaderstructure invalid: Message-ID field is empty
2024-12-23 19:32:34,C:\Users\pc\Desktop\retotecnico\emailSearch\indexer\data\enron_mail_20110402\maildir\hyvl-d,eaderstructure invalid: Message-ID field is empty
2024-12-23 19:32:34,C:\Users\pc\Desktop\retotecnico\emailSearch\indexer\data\enron_mail_20110402\maildir\hyvl-d\sent,eaderstructure invalid: Message-ID field is empty
2024-12-23 19:32:34,C:\Users\pc\Desktop\retotecnico\emailSearch\indexer\data\enron_mail_20110402\maildir\king-j\all_documents,eaderstructure invalid: Message-ID field is empty
2024-12-23 19:32:34,C:\Users\pc\Desktop\retotecnico\emailSearch\indexer\data\enron_mail_20110402\maildir\king-j\calendar,eaderstructure invalid: Message-ID field is empty
2024-12-23 19:32:36,C:\Users\pc\Desktop\retotecnico\emailSearch\indexer\data\enron_mail_20110402\maildir\king-j\deleted_items,eaderstructure invalid: Message-ID field is empty
2024-12-23 19:32:36,C:\Users\pc\Desktop\retotecnico\emailSearch\indexer\data\enron_mail_20110402\maildir\king-j\discussion_threads,eaderstructure invalid: Message-ID field is empty
2024-12-23 19:32:36,C:\Users\pc\Desktop\retotecnico\emailSearch\indexer\data\enron_mail_20110402\maildir\king-j\inbox,eaderstructure invalid: Message-ID field is empty
2024-12-23 19:32:36,C:\Users\pc\Desktop\retotecnico\emailSearch\indexer\data\enron_mail_20110402\maildir\king-j\notes_inbox,eaderstructure invalid: Message-ID field is empty
2024-12-23 19:32:36,C:\Users\pc\Desktop\retotecnico\emailSearch\indexer\data\enron_mail_20110402\maildir\king-j\parking,eaderstructure invalid: Message-ID field is empty
2024-12-23 19:32:36,C:\Users\pc\Desktop\retotecnico\emailSearch\indexer\data\enron_mail_20110402\maildir\king-j\personal,eaderstructure invalid: Message-ID field is empty
2024-12-23 19:32:36,C:\Users\pc\Desktop\retotecnico\emailSearch\indexer\data\enron_mail_20110402\maildir\king-j\private_folders\personal,eaderstructure invalid: Message-ID field is empty
2024-12-23 19:32:36,C:\Users\pc\Desktop\retotecnico\emailSearch\indexer\data\enron_mail_20110402\maildir\king-j\private_folders,eaderstructure invalid: Message-ID field is empty
2024-12-23 19:32:36,C:\Users\pc\Desktop\retotecnico\emailSearch\indexer\data\enron_mail_20110402\maildir\king-j\sent,eaderstructure invalid: Message-ID field is empty
2024-12-23 19:32:36,C:\Users\pc\Desktop\retotecnico\emailSearch\indexer\data\enron_mail_20110402\maildir\king-j\sent_items,eaderstructure invalid: Message-ID field is empty
2024-12-23 19:32:36,C:\Users\pc\Desktop\retotecnico\emailSearch\indexer\data\enron_mail_20110402\maildir\king-j,eaderstructure invalid: Message-ID field is empty
2024-12-23 19:32:37,C:\Users\pc\Desktop\retotecnico\emailSearch\indexer\data\enron_mail_20110402\maildir\lay-k\_sent,eaderstructure invalid: Message-ID field is empty
2024-12-23 19:32:40,C:\Users\pc\Desktop\retotecnico\emailSearch\indexer\data\enron_mail_20110402\maildir\lay-k\all_documents,eaderstructure invalid: Message-ID field is empty
2024-12-23 19:32:40,C:\Users\pc\Desktop\retotecnico\emailSearch\indexer\data\enron_mail_20110402\maildir\lay-k\business,eaderstructure invalid: Message-ID field is empty
2024-12-23 19:32:40,C:\Users\pc\Desktop\retotecnico\emailSearch\indexer\data\enron_mail_20110402\maildir\lay-k\calendar,eaderstructure invalid: Message-ID field is empty
2024-12-23 19:32:40,C:\Users\pc\Desktop\retotecnico\emailSearch\indexer\data\enron_mail_20110402\maildir\lay-k\compaq,eaderstructure invalid: Message-ID field is empty
2024-12-23 19:32:44,C:\Users\pc\Desktop\retotecnico\emailSearch\indexer\data\enron_mail_20110402\maildir\lay-k\deleted_items,eaderstructure invalid: Message-ID field is empty
2024-12-23 19:32:47,C:\Users\pc\Desktop\retotecnico\emailSearch\indexer\data\enron_mail_20110402\maildir\lay-k\discussion_threads,eaderstructure invalid: Message-ID field is empty
2024-12-23 19:32:47,C:\Users\pc\Desktop\retotecnico\emailSearch\indexer\data\enron_mail_20110402\maildir\lay-k\elizabeth,eaderstructure invalid: Message-ID field is empty
2024-12-23 19:32:47,C:\Users\pc\Desktop\retotecnico\emailSearch\indexer\data\enron_mail_20110402\maildir\lay-k\enron,eaderstructure invalid: Message-ID field is empty
2024-12-23 19:32:47,C:\Users\pc\Desktop\retotecnico\emailSearch\indexer\data\enron_mail_20110402\maildir\lay-k\family,eaderstructure invalid: Message-ID field is empty
2024-12-23 19:32:53,C:\Users\pc\Desktop\retotecnico\emailSearch\indexer\data\enron_mail_20110402\maildir\lay-k\inbox,eaderstructure invalid: Message-ID field is empty
2024-12-23 19:32:56,C:\Users\pc\Desktop\retotecnico\emailSearch\indexer\data\enron_mail_20110402\maildir\lay-k\notes_inbox,eaderstructure invalid: Message-ID field is empty
2024-12-23 19:32:56,C:\Users\pc\Desktop\retotecnico\emailSearch\indexer\data\enron_mail_20110402\maildir\lay-k\sec_panel,eaderstructure invalid: Message-ID field is empty
2024-12-23 19:32:58,C:\Users\pc\Desktop\retotecnico\emailSearch\indexer\data\enron_mail_20110402\maildir\lay-k\sent,eaderstructure invalid: Message-ID field is empty
2024-12-23 19:32:58,C:\Users\pc\Desktop\retotecnico\emailSearch\indexer\data\enron_mail_20110402\maildir\lay-k\sent_items\10,empty content
2024-12-23 19:32:58,C:\Users\pc\Desktop\retotecnico\emailSearch\indexer\data\enron_mail_20110402\maildir\lay-k\sent_items,eaderstructure invalid: Message-ID field is empty
2024-12-23 19:32:58,C:\Users\pc\Desktop\retotecnico\emailSearch\indexer\data\enron_mail_20110402\maildir\lay-k,eaderstructure invalid: Message-ID field is empty
2024-12-23 19:32:58,C:\Users\pc\Desktop\retotecnico\emailSearch\indexer\data\enron_mail_20110402\maildir\mckay-b\_sent_mail,eaderstructure invalid: Message-ID field is empty
2024-12-23 19:32:58,C:\Users\pc\Desktop\retotecnico\emailSearch\indexer\data\enron_mail_20110402\maildir\mckay-b\all_documents,eaderstructure invalid: Message-ID field is empty
2024-12-23 19:32:58,C:\Users\pc\Desktop\retotecnico\emailSearch\indexer\data\enron_mail_20110402\maildir\mckay-b\deleted_items,eaderstructure invalid: Message-ID field is empty
2024-12-23 19:32:58,C:\Users\pc\Desktop\retotecnico\emailSearch\indexer\data\enron_mail_20110402\maildir\mckay-b\discussion_threads,eaderstructure invalid: Message-ID field is empty
2024-12-23 19:32:58,C:\Users\pc\Desktop\retotecnico\emailSearch\indexer\data\enron_mail_20110402\maildir\mckay-b\inbox,eaderstructure invalid: Message-ID field is empty
2024-12-23 19:32:58,C:\Users\pc\Desktop\retotecnico\emailSearch\indexer\data\enron_mail_20110402\maildir\mckay-b\notes_inbox,eaderstructure invalid: Message-ID field is empty
2024-12-23 19:32:58,C:\Users\pc\Desktop\retotecnico\emailSearch\indexer\data\enron_mail_20110402\maildir\mckay-b\sent,eaderstructure invalid: Message-ID field is empty
2024-12-23 19:32:58,C:\Users\pc\Desktop\retotecnico\emailSearch\indexer\data\enron_mail_20110402\maildir\mckay-b\sent_items,eaderstructure invalid: Message-ID field is empty
2024-12-23 19:32:58,C:\Users\pc\Desktop\retotecnico\emailSearch\indexer\data\enron_mail_20110402\maildir\rapp-b\marketing_affiliate,eaderstructure invalid: Message-ID field is empty
2024-12-23 19:32:58,C:\Users\pc\Desktop\retotecnico\emailSearch\indexer\data\enron_mail_20110402\maildir\rapp-b\sent_items,eaderstructure invalid: Message-ID field is empty
2024-12-23 19:32:58,C:\Users\pc\Desktop\retotecnico\emailSearch\indexer\data\enron_mail_20110402\maildir\rapp-b,eaderstructure invalid: Message-ID field is empty
2024-12-23 19:32:59,C:\Users\pc\Desktop\retotecnico\emailSearch\indexer\data\enron_mail_20110402\maildir\rapp-b\inbox,eaderstructure invalid: Message-ID field is empty
2024-12-23 19:32:59,C:\Users\pc\Desktop\retotecnico\emailSearch\indexer\data\enron_mail_20110402\maildir\mckay-b,eaderstructure invalid: Message-ID field is empty
2024-12-23 19:32:59,C:\Users\pc\Desktop\retotecnico\emailSearch\indexer\data\enron_mail_20110402\maildir\rapp-b\_sent,eaderstructure invalid: Message-ID field is empty
2024-12-23 19:32:59,C:\Users\pc\Desktop\retotecnico\emailSearch\indexer\data\enron_mail_20110402\maildir\rapp-b\calendar,eaderstructure invalid: Message-ID field is empty
2024-12-23 19:32:59,C:\Users\pc\Desktop\retotecnico\emailSearch\indexer\data\enron_mail_20110402\maildir\ruscitti-k\_sent_mail,eaderstructure invalid: Message-ID field is empty
2024-12-23 19:32:59,C:\Users\pc\Desktop\retotecnico\emailSearch\indexer\data\enron_mail_20110402\maildir\rapp-b\hr_info,eaderstructure invalid: Message-ID field is empty
2024-12-23 19:32:59,C:\Users\pc\Desktop\retotecnico\emailSearch\indexer\data\enron_mail_20110402\maildir\rapp-b\deleted_items,eaderstructure invalid: Message-ID field is empty
2024-12-23 19:32:59,C:\Users\pc\Desktop\retotecnico\emailSearch\indexer\data\enron_mail_20110402\maildir\ruscitti-k\alliance,eaderstructure invalid: Message-ID field is empty
2024-12-23 19:32:59,C:\Users\pc\Desktop\retotecnico\emailSearch\indexer\data\enron_mail_20110402\maildir\ruscitti-k\all_documents,eaderstructure invalid: Message-ID field is empty
2024-12-23 19:32:59,C:\Users\pc\Desktop\retotecnico\emailSearch\indexer\data\enron_mail_20110402\maildir\ruscitti-k\benefits,eaderstructure invalid: Message-ID field is empty
2024-12-23 19:32:59,C:\Users\pc\Desktop\retotecnico\emailSearch\indexer\data\enron_mail_20110402\maildir\ruscitti-k\billing_issues,eaderstructure invalid: Message-ID field is empty
2024-12-23 19:32:59,C:\Users\pc\Desktop\retotecnico\emailSearch\indexer\data\enron_mail_20110402\maildir\ruscitti-k\ces,eaderstructure invalid: Message-ID field is empty
2024-12-23 19:32:59,C:\Users\pc\Desktop\retotecnico\emailSearch\indexer\data\enron_mail_20110402\maildir\ruscitti-k\company_options,eaderstructure invalid: Message-ID field is empty
2024-12-23 19:32:59,C:\Users\pc\Desktop\retotecnico\emailSearch\indexer\data\enron_mail_20110402\maildir\ruscitti-k\deleted_items,eaderstructure invalid: Message-ID field is empty
2024-12-23 19:32:59,C:\Users\pc\Desktop\retotecnico\emailSearch\indexer\data\enron_mail_20110402\maildir\ruscitti-k\discussion_threads,eaderstructure invalid: Message-ID field is empty
2024-12-23 19:32:59,C:\Users\pc\Desktop\retotecnico\emailSearch\indexer\data\enron_mail_20110402\maildir\ruscitti-k\emailaddresses,eaderstructure invalid: Message-ID field is empty
2024-12-23 19:32:59,C:\Users\pc\Desktop\retotecnico\emailSearch\indexer\data\enron_mail_20110402\maildir\ruscitti-k\eol,eaderstructure invalid: Message-ID field is empty
2024-12-23 19:32:59,C:\Users\pc\Desktop\retotecnico\emailSearch\indexer\data\enron_mail_20110402\maildir\ruscitti-k\eol_rqsts,eaderstructure invalid: Message-ID field is empty
2024-12-23 19:32:59,C:\Users\pc\Desktop\retotecnico\emailSearch\indexer\data\enron_mail_20110402\maildir\ruscitti-k\enron_dynegy,eaderstructure invalid: Message-ID field is empty
2024-12-23 19:32:59,C:\Users\pc\Desktop\retotecnico\emailSearch\indexer\data\enron_mail_20110402\maildir\ruscitti-k\expense_system,eaderstructure invalid: Message-ID field is empty
2024-12-23 19:32:59,C:\Users\pc\Desktop\retotecnico\emailSearch\indexer\data\enron_mail_20110402\maildir\ruscitti-k\eolml7,eaderstructure invalid: Message-ID field is empty
2024-12-23 19:32:59,C:\Users\pc\Desktop\retotecnico\emailSearch\indexer\data\enron_mail_20110402\maildir\ruscitti-k\gas_deals,eaderstructure invalid: Message-ID field is empty
2024-12-23 19:32:59,C:\Users\pc\Desktop\retotecnico\emailSearch\indexer\data\enron_mail_20110402\maildir\ruscitti-k\inbox,eaderstructure invalid: Message-ID field is empty
2024-12-23 19:32:59,C:\Users\pc\Desktop\retotecnico\emailSearch\indexer\data\enron_mail_20110402\maildir\ruscitti-k\michcon,eaderstructure invalid: Message-ID field is empty
2024-12-23 19:32:59,C:\Users\pc\Desktop\retotecnico\emailSearch\indexer\data\enron_mail_20110402\maildir\ruscitti-k\ml7_eol_product,eaderstructure invalid: Message-ID field is empty
2024-12-23 19:32:59,C:\Users\pc\Desktop\retotecnico\emailSearch\indexer\data\enron_mail_20110402\maildir\ruscitti-k\notes_inbox,eaderstructure invalid: Message-ID field is empty
2024-12-23 19:32:59,C:\Users\pc\Desktop\retotecnico\emailSearch\indexer\data\enron_mail_20110402\maildir\ruscitti-k\nov00_mar01_deals,eaderstructure invalid: Message-ID field is empty
2024-12-23 19:32:59,C:\Users\pc\Desktop\retotecnico\emailSearch\indexer\data\enron_mail_20110402\maildir\ruscitti-k\pictures,eaderstructure invalid: Message-ID field is empty
2024-12-23 19:32:59,C:\Users\pc\Desktop\retotecnico\emailSearch\indexer\data\enron_mail_20110402\maildir\ruscitti-k\prc,eaderstructure invalid: Message-ID field is empty
2024-12-23 19:32:59,C:\Users\pc\Desktop\retotecnico\emailSearch\indexer\data\enron_mail_20110402\maildir\ruscitti-k\recruiting,eaderstructure invalid: Message-ID field is empty
2024-12-23 19:32:59,C:\Users\pc\Desktop\retotecnico\emailSearch\indexer\data\enron_mail_20110402\maildir\ruscitti-k\options,eaderstructure invalid: Message-ID field is empty
2024-12-23 19:32:59,C:\Users\pc\Desktop\retotecnico\emailSearch\indexer\data\enron_mail_20110402\maildir\ruscitti-k\research,eaderstructure invalid: Message-ID field is empty
2024-12-23 19:32:59,C:\Users\pc\Desktop\retotecnico\emailSearch\indexer\data\enron_mail_20110402\maildir\ruscitti-k\resumes,eaderstructure invalid: Message-ID field is empty
2024-12-23 19:32:59,C:\Users\pc\Desktop\retotecnico\emailSearch\indexer\data\enron_mail_20110402\maildir\ruscitti-k\resume,eaderstructure invalid: Message-ID field is empty
2024-12-23 19:32:59,C:\Users\pc\Desktop\retotecnico\emailSearch\indexer\data\enron_mail_20110402\maildir\ruscitti-k\rotation,eaderstructure invalid: Message-ID field is empty
2024-12-23 19:32:59,C:\Users\pc\Desktop\retotecnico\emailSearch\indexer\data\enron_mail_20110402\maildir\ruscitti-k\sent_items,eaderstructure invalid: Message-ID field is empty
2024-12-23 19:32:59,C:\Users\pc\Desktop\retotecnico\emailSearch\indexer\data\enron_mail_20110402\maildir\ruscitti-k\sent,eaderstructure invalid: Message-ID field is empty
2024-12-23 19:32:59,C:\Users\pc\Desktop\retotecnico\emailSearch\indexer\data\enron_mail_20110402\maildir\ruscitti-k\sithe,eaderstructure invalid: Message-ID field is empty
2024-12-23 19:32:59,C:\Users\pc\Desktop\retotecnico\emailSearch\indexer\data\enron_mail_20110402\maildir\ruscitti-k\travel,eaderstructure invalid: Message-ID field is empty
2024-12-23 19:32:59,C:\Users\pc\Desktop\retotecnico\emailSearch\indexer\data\enron_mail_20110402\maildir\ruscitti-k\vector,eaderstructure invalid: Message-ID field is empty
2024-12-23 19:33:00,C:\Users\pc\Desktop\retotecnico\emailSearch\indexer\data\enron_mail_20110402\maildir\ruscitti-k,eaderstructure invalid: Message-ID field is empty
2024-12-23 19:33:00,C:\Users\pc\Desktop\retotecnico\emailSearch\indexer\data\enron_mail_20110402\maildir\ruscitti-k\to_do,eaderstructure invalid: Message-ID field is empty
2024-12-23 19:33:07,C:\Users\pc\Desktop\retotecnico\emailSearch\indexer\data\enron_mail_20110402\maildir\sager-e\all_documents,eaderstructure invalid: Message-ID field is empty
2024-12-23 19:33:07,C:\Users\pc\Desktop\retotecnico\emailSearch\indexer\data\enron_mail_20110402\maildir\sager-e\calendar,eaderstructure invalid: Message-ID field is empty
2024-12-23 19:33:07,C:\Users\pc\Desktop\retotecnico\emailSearch\indexer\data\enron_mail_20110402\maildir\sager-e\contacts,eaderstructure invalid: Message-ID field is empty
2024-12-23 19:33:08,C:\Users\pc\Desktop\retotecnico\emailSearch\indexer\data\enron_mail_20110402\maildir\sager-e\deleted_items,eaderstructure invalid: Message-ID field is empty
2024-12-23 19:33:08,C:\Users\pc\Desktop\retotecnico\emailSearch\indexer\data\enron_mail_20110402\maildir\sager-e\ees_matters,eaderstructure invalid: Message-ID field is empty
2024-12-23 19:33:08,C:\Users\pc\Desktop\retotecnico\emailSearch\indexer\data\enron_mail_20110402\maildir\sager-e\elizabeth_sager,eaderstructure invalid: Message-ID field is empty
2024-12-23 19:33:08,C:\Users\pc\Desktop\retotecnico\emailSearch\indexer\data\enron_mail_20110402\maildir\sager-e\elizabeth_sager\miscellaneous,eaderstructure invalid: Message-ID field is empty
2024-12-23 19:33:08,C:\Users\pc\Desktop\retotecnico\emailSearch\indexer\data\enron_mail_20110402\maildir\sager-e\enron___general,eaderstructure invalid: Message-ID field is empty
2024-12-23 19:33:08,C:\Users\pc\Desktop\retotecnico\emailSearch\indexer\data\enron_mail_20110402\maildir\sager-e\epmi___power,eaderstructure invalid: Message-ID field is empty
2024-12-23 19:33:11,C:\Users\pc\Desktop\retotecnico\emailSearch\indexer\data\enron_mail_20110402\maildir\sager-e\inbox,eaderstructure invalid: Message-ID field is empty
2024-12-23 19:33:11,C:\Users\pc\Desktop\retotecnico\emailSearch\indexer\data\enron_mail_20110402\maildir\sager-e\notes_inbox,eaderstructure invalid: Message-ID field is empty
2024-12-23 19:33:11,C:\Users\pc\Desktop\retotecnico\emailSearch\indexer\data\enron_mail_20110402\maildir\sager-e\sager___general,eaderstructure invalid: Message-ID field is empty
2024-12-23 19:33:11,C:\Users\pc\Desktop\retotecnico\emailSearch\indexer\data\enron_mail_20110402\maildir\sager-e\sent,eaderstructure invalid: Message-ID field is empty
2024-12-23 19:33:11,C:\Users\pc\Desktop\retotecnico\emailSearch\indexer\data\enron_mail_20110402\maildir\sager-e\sent_items,eaderstructure invalid: Message-ID field is empty
2024-12-23 19:33:11,C:\Users\pc\Desktop\retotecnico\emailSearch\indexer\data\enron_mail_20110402\maildir\sager-e,eaderstructure invalid: Message-ID field is empty
2024-12-23 19:33:11,C:\Users\pc\Desktop\retotecnico\emailSearch\indexer\data\enron_mail_20110402\maildir\salisbury-h\deleted_items,eaderstructure invalid: Message-ID field is empty
2024-12-23 19:33:11,C:\Users\pc\Desktop\retotecnico\emailSearch\indexer\data\enron_mail_20110402\maildir\salisbury-h\holden_s,eaderstructure invalid: Message-ID field is empty
2024-12-23 19:33:12,C:\Users\pc\Desktop\retotecnico\emailSearch\indexer\data\enron_mail_20110402\maildir\salisbury-h\inbox,eaderstructure invalid: Message-ID field is empty
2024-12-23 19:33:12,C:\Users\pc\Desktop\retotecnico\emailSearch\indexer\data\enron_mail_20110402\maildir\salisbury-h\read,eaderstructure invalid: Message-ID field is empty
2024-12-23 19:33:12,C:\Users\pc\Desktop\retotecnico\emailSearch\indexer\data\enron_mail_20110402\maildir\salisbury-h\sent_items,eaderstructure invalid: Message-ID field is empty
2024-12-23 19:33:12,C:\Users\pc\Desktop\retotecnico\emailSearch\indexer\data\enron_mail_20110402\maildir\salisbury-h,eaderstructure invalid: Message-ID field is empty
2024-12-23 19:33:12,C:\Users\pc\Desktop\retotecnico\emailSearch\indexer\data\enron_mail_20110402\maildir\shapiro-r\2001_budget,eaderstructure invalid: Message-ID field is empty
2024-12-23 19:33:12,C:\Users\pc\Desktop\retotecnico\emailSearch\indexer\data\enron_mail_20110402\maildir\shapiro-r\2001_budget__cost_cutting,eaderstructure invalid: Message-ID field is empty
2024-12-23 19:33:12,C:\Users\pc\Desktop\retotecnico\emailSearch\indexer\data\enron_mail_20110402\maildir\shapiro-r\2001_prc__midyear,eaderstructure invalid: Message-ID field is empty
2024-12-23 19:33:12,C:\Users\pc\Desktop\retotecnico\emailSearch\indexer\data\enron_mail_20110402\maildir\shapiro-r\2001_objectives,eaderstructure invalid: Message-ID field is empty
2024-12-23 19:33:12,C:\Users\pc\Desktop\retotecnico\emailSearch\indexer\data\enron_mail_20110402\maildir\shapiro-r\2001_witchunt,eaderstructure invalid: Message-ID field is empty
2024-12-23 19:33:12,C:\Users\pc\Desktop\retotecnico\emailSearch\indexer\data\enron_mail_20110402\maildir\shapiro-r\2002_budget\2001_budget,eaderstructure invalid: Message-ID field is empty
2024-12-23 19:33:12,C:\Users\pc\Desktop\retotecnico\emailSearch\indexer\data\enron_mail_20110402\maildir\shapiro-r\affiliate_codes_of_conduct,eaderstructure invalid: Message-ID field is empty
2024-12-23 19:33:12,C:\Users\pc\Desktop\retotecnico\emailSearch\indexer\data\enron_mail_20110402\maildir\shapiro-r\2002_budget,eaderstructure invalid: Message-ID field is empty
2024-12-23 19:33:13,C:\Users\pc\Desktop\retotecnico\emailSearch\indexer\data\enron_mail_20110402\maildir\shapiro-r\all_documents,eaderstructure invalid: Message-ID field is empty
2024-12-23 19:33:13,C:\Users\pc\Desktop\retotecnico\emailSearch\indexer\data\enron_mail_20110402\maildir\shapiro-r\antitrust,eaderstructure invalid: Message-ID field is empty
2024-12-23 19:33:13,C:\Users\pc\Desktop\retotecnico\emailSearch\indexer\data\enron_mail_20110402\maildir\shapiro-r\associations,eaderstructure invalid: Message-ID field is empty
2024-12-23 19:33:13,C:\Users\pc\Desktop\retotecnico\emailSearch\indexer\data\enron_mail_20110402\maildir\shapiro-r\broadband_services,eaderstructure invalid: Message-ID field is empty
2024-12-23 19:33:13,C:\Users\pc\Desktop\retotecnico\emailSearch\indexer\data\enron_mail_20110402\maildir\shapiro-r\caem,eaderstructure invalid: Message-ID field is empty
2024-12-23 19:33:13,C:\Users\pc\Desktop\retotecnico\emailSearch\indexer\data\enron_mail_20110402\maildir\shapiro-r\bush_administration,eaderstructure invalid: Message-ID field is empty
2024-12-23 19:33:13,C:\Users\pc\Desktop\retotecnico\emailSearch\indexer\data\enron_mail_20110402\maildir\shapiro-r\california,eaderstructure invalid: Message-ID field is empty
2024-12-23 19:33:13,C:\Users\pc\Desktop\retotecnico\emailSearch\indexer\data\enron_mail_20110402\maildir\shapiro-r\california_coverup,eaderstructure invalid: Message-ID field is empty
2024-12-23 19:33:13,C:\Users\pc\Desktop\retotecnico\emailSearch\indexer\data\enron_mail_20110402\maildir\shapiro-r\california_legal_issues,eaderstructure invalid: Message-ID field is empty
2024-12-23 19:33:13,C:\Users\pc\Desktop\retotecnico\emailSearch\indexer\data\enron_mail_20110402\maildir\shapiro-r\canada,eaderstructure invalid: Message-ID field is empty
2024-12-23 19:33:14,C:\Users\pc\Desktop\retotecnico\emailSearch\indexer\data\enron_mail_20110402\maildir\shapiro-r\cftc,eaderstructure invalid: Message-ID field is empty
2024-12-23 19:33:14,C:\Users\pc\Desktop\retotecnico\emailSearch\indexer\data\enron_mail_20110402\maildir\shapiro-r\coal,eaderstructure invalid: Message-ID field is empty
2024-12-23 19:33:14,C:\Users\pc\Desktop\retotecnico\emailSearch\indexer\data\enron_mail_20110402\maildir\shapiro-r\compliments,eaderstructure invalid: Message-ID field is empty
2024-12-23 19:33:14,C:\Users\pc\Desktop\retotecnico\emailSearch\indexer\data\enron_mail_20110402\maildir\shapiro-r\computers,eaderstructure invalid: Message-ID field is empty
2024-12-23 19:33:14,C:\Users\pc\Desktop\retotecnico\emailSearch\indexer\data\enron_mail_20110402\maildir\shapiro-r\congrats,eaderstructure invalid: Message-ID field is empty
2024-12-23 19:33:14,C:\Users\pc\Desktop\retotecnico\emailSearch\indexer\data\enron_mail_20110402\maildir\shapiro-r\default_service__opportunities,eaderstructure invalid: Message-ID field is empty
2024-12-23 19:33:14,C:\Users\pc\Desktop\retotecnico\emailSearch\indexer\data\enron_mail_20110402\maildir\shapiro-r\deleted_items\caem,eaderstructure invalid: Message-ID field is empty
2024-12-23 19:33:14,C:\Users\pc\Desktop\retotecnico\emailSearch\indexer\data\enron_mail_20110402\maildir\shapiro-r\deleted_items\patriotism,eaderstructure invalid: Message-ID field is empty
2024-12-23 19:33:14,C:\Users\pc\Desktop\retotecnico\emailSearch\indexer\data\enron_mail_20110402\maildir\shapiro-r\deleted_items\resource_committment_req_s,eaderstructure invalid: Message-ID field is empty
2024-12-23 19:33:14,C:\Users\pc\Desktop\retotecnico\emailSearch\indexer\data\enron_mail_20110402\maildir\shapiro-r\contributions,eaderstructure invalid: Message-ID field is empty
2024-12-23 19:33:14,C:\Users\pc\Desktop\retotecnico\emailSearch\indexer\data\enron_mail_20110402\maildir\shapiro-r\democrats,eaderstructure invalid: Message-ID field is empty
2024-12-23 19:33:14,C:\Users\pc\Desktop\retotecnico\emailSearch\indexer\data\enron_mail_20110402\maildir\shapiro-r\deleted_items,eaderstructure invalid: Message-ID field is empty
2024-12-23 19:33:14,C:\Users\pc\Desktop\retotecnico\emailSearch\indexer\data\enron_mail_20110402\maildir\shapiro-r\discussion_threads,eaderstructure invalid: Message-ID field is empty
2024-12-23 19:33:14,C:\Users\pc\Desktop\retotecnico\emailSearch\indexer\data\enron_mail_20110402\maildir\shapiro-r\doe,eaderstructure invalid: Message-ID field is empty
2024-12-23 19:33:14,C:\Users\pc\Desktop\retotecnico\emailSearch\indexer\data\enron_mail_20110402\maildir\shapiro-r\enron_online,eaderstructure invalid: Message-ID field is empty
2024-12-23 19:33:14,C:\Users\pc\Desktop\retotecnico\emailSearch\indexer\data\enron_mail_20110402\maildir\shapiro-r\enviromental,eaderstructure invalid: Message-ID field is empty
2024-12-23 19:33:14,C:\Users\pc\Desktop\retotecnico\emailSearch\indexer\data\enron_mail_20110402\maildir\shapiro-r\epsa,eaderstructure invalid: Message-ID field is empty
2024-12-23 19:33:15,C:\Users\pc\Desktop\retotecnico\emailSearch\indexer\data\enron_mail_20110402\maildir\shapiro-r\europe,eaderstructure invalid: Message-ID field is empty
2024-12-23 19:33:15,C:\Users\pc\Desktop\retotecnico\emailSearch\indexer\data\enron_mail_20110402\maildir\shapiro-r\europe_july,eaderstructure invalid: Message-ID field is empty
2024-12-23 19:33:15,C:\Users\pc\Desktop\retotecnico\emailSearch\indexer\data\enron_mail_20110402\maildir\shapiro-r\europe_june,eaderstructure invalid: Message-ID field is empty
2024-12-23 19:33:15,C:\Users\pc\Desktop\retotecnico\emailSearch\indexer\data\enron_mail_20110402\maildir\shapiro-r\europe_october,eaderstructure invalid: Message-ID field is empty
2024-12-23 19:33:15,C:\Users\pc\Desktop\retotecnico\emailSearch\indexer\data\enron_mail_20110402\maildir\shapiro-r\federal_gov_t_affairs,eaderstructure invalid: Message-ID field is empty
2024-12-23 19:33:15,C:\Users\pc\Desktop\retotecnico\emailSearch\indexer\data\enron_mail_20110402\maildir\shapiro-r\federal_legis_,eaderstructure invalid: Message-ID field is empty
2024-12-23 19:33:15,C:\Users\pc\Desktop\retotecnico\emailSearch\indexer\data\enron_mail_20110402\maildir\shapiro-r\ferc,eaderstructure invalid: Message-ID field is empty
2024-12-23 19:33:15,C:\Users\pc\Desktop\retotecnico\emailSearch\indexer\data\enron_mail_20110402\maildir\shapiro-r\forest_and_paper_products,eaderstructure invalid: Message-ID field is empty
2024-12-23 19:33:15,C:\Users\pc\Desktop\retotecnico\emailSearch\indexer\data\enron_mail_20110402\maildir\shapiro-r\fuel_cells,eaderstructure invalid: Message-ID field is empty
2024-12-23 19:33:15,C:\Users\pc\Desktop\retotecnico\emailSearch\indexer\data\enron_mail_20110402\maildir\shapiro-r\fundamentals,eaderstructure invalid: Message-ID field is empty
2024-12-23 19:33:15,C:\Users\pc\Desktop\retotecnico\emailSearch\indexer\data\enron_mail_20110402\maildir\shapiro-r\florida,eaderstructure invalid: Message-ID field is empty
2024-12-23 19:33:15,C:\Users\pc\Desktop\retotecnico\emailSearch\indexer\data\enron_mail_20110402\maildir\shapiro-r\gas_issues,eaderstructure invalid: Message-ID field is empty
2024-12-23 19:33:15,C:\Users\pc\Desktop\retotecnico\emailSearch\indexer\data\enron_mail_20110402\maildir\shapiro-r\generation\europe_august,eaderstructure invalid: Message-ID field is empty
2024-12-23 19:33:15,C:\Users\pc\Desktop\retotecnico\emailSearch\indexer\data\enron_mail_20110402\maildir\shapiro-r\generation,eaderstructure invalid: Message-ID field is empty
2024-12-23 19:33:15,C:\Users\pc\Desktop\retotecnico\emailSearch\indexer\data\enron_mail_20110402\maildir\shapiro-r\granite__2_,eaderstructure invalid: Message-ID field is empty
2024-12-23 19:33:15,C:\Users\pc\Desktop\retotecnico\emailSearch\indexer\data\enron_mail_20110402\maildir\shapiro-r\global_markets,eaderstructure invalid: Message-ID field is empty
2024-12-23 19:33:15,C:\Users\pc\Desktop\retotecnico\emailSearch\indexer\data\enron_mail_20110402\maildir\shapiro-r\hedging,eaderstructure invalid: Message-ID field is empty
2024-12-23 19:33:15,C:\Users\pc\Desktop\retotecnico\emailSearch\indexer\data\enron_mail_20110402\maildir\shapiro-r\industrial_cust__solutions,eaderstructure invalid: Message-ID field is empty
2024-12-23 19:33:15,C:\Users\pc\Desktop\retotecnico\emailSearch\indexer\data\enron_mail_20110402\maildir\shapiro-r\india,eaderstructure invalid: Message-ID field is empty
2024-12-23 19:33:15,C:\Users\pc\Desktop\retotecnico\emailSearch\indexer\data\enron_mail_20110402\maildir\shapiro-r\inbox,eaderstructure invalid: Message-ID field is empty
2024-12-23 19:33:15,C:\Users\pc\Desktop\retotecnico\emailSearch\indexer\data\enron_mail_20110402\maildir\shapiro-r\interconnection_issues,eaderstructure invalid: Message-ID field is empty
2024-12-23 19:33:15,C:\Users\pc\Desktop\retotecnico\emailSearch\indexer\data\enron_mail_20110402\maildir\shapiro-r\humor,eaderstructure invalid: Message-ID field is empty
2024-12-23 19:33:15,C:\Users\pc\Desktop\retotecnico\emailSearch\indexer\data\enron_mail_20110402\maildir\shapiro-r\investing,eaderstructure invalid: Message-ID field is empty
2024-12-23 19:33:15,C:\Users\pc\Desktop\retotecnico\emailSearch\indexer\data\enron_mail_20110402\maildir\shapiro-r\japan,eaderstructure invalid: Message-ID field is empty
2024-12-23 19:33:15,C:\Users\pc\Desktop\retotecnico\emailSearch\indexer\data\enron_mail_20110402\maildir\shapiro-r\ken_lay,eaderstructure invalid: Message-ID field is empty
2024-12-23 19:33:15,C:\Users\pc\Desktop\retotecnico\emailSearch\indexer\data\enron_mail_20110402\maildir\shapiro-r\lng,eaderstructure invalid: Message-ID field is empty
2024-12-23 19:33:15,C:\Users\pc\Desktop\retotecnico\emailSearch\indexer\data\enron_mail_20110402\maildir\shapiro-r\market_structure__seabron_adamson_,eaderstructure invalid: Message-ID field is empty
2024-12-23 19:33:15,C:\Users\pc\Desktop\retotecnico\emailSearch\indexer\data\enron_mail_20110402\maildir\shapiro-r\media,eaderstructure invalid: Message-ID field is empty
2024-12-23 19:33:16,C:\Users\pc\Desktop\retotecnico\emailSearch\indexer\data\enron_mail_20110402\maildir\shapiro-r\merchant_function_group,eaderstructure invalid: Message-ID field is empty
2024-12-23 19:33:16,C:\Users\pc\Desktop\retotecnico\emailSearch\indexer\data\enron_mail_20110402\maildir\shapiro-r\mexico,eaderstructure invalid: Message-ID field is empty
2024-12-23 19:33:16,C:\Users\pc\Desktop\retotecnico\emailSearch\indexer\data\enron_mail_20110402\maildir\shapiro-r\mid_atlantic,eaderstructure invalid: Message-ID field is empty
2024-12-23 19:33:16,C:\Users\pc\Desktop\retotecnico\emailSearch\indexer\data\enron_mail_20110402\maildir\shapiro-r\midwest,eaderstructure invalid: Message-ID field is empty
2024-12-23 19:33:16,C:\Users\pc\Desktop\retotecnico\emailSearch\indexer\data\enron_mail_20110402\maildir\shapiro-r\national_campaign,eaderstructure invalid: Message-ID field is empty
2024-12-23 19:33:16,C:\Users\pc\Desktop\retotecnico\emailSearch\indexer\data\enron_mail_20110402\maildir\shapiro-r\naruc,eaderstructure invalid: Message-ID field is empty
2024-12-23 19:33:16,C:\Users\pc\Desktop\retotecnico\emailSearch\indexer\data\enron_mail_20110402\maildir\shapiro-r\nerc,eaderstructure invalid: Message-ID field is empty
2024-12-23 19:33:16,C:\Users\pc\Desktop\retotecnico\emailSearch\indexer\data\enron_mail_20110402\maildir\shapiro-r\networks,eaderstructure invalid: Message-ID field is empty
2024-12-23 19:33:16,C:\Users\pc\Desktop\retotecnico\emailSearch\indexer\data\enron_mail_20110402\maildir\shapiro-r\new_england_ny,eaderstructure invalid: Message-ID field is empty
2024-12-23 19:33:16,C:\Users\pc\Desktop\retotecnico\emailSearch\indexer\data\enron_mail_20110402\maildir\shapiro-r\notre_dame,eaderstructure invalid: Message-ID field is empty
2024-12-23 19:33:16,C:\Users\pc\Desktop\retotecnico\emailSearch\indexer\data\enron_mail_20110402\maildir\shapiro-r\notes_inbox,eaderstructure invalid: Message-ID field is empty
2024-12-23 19:33:16,C:\Users\pc\Desktop\retotecnico\emailSearch\indexer\data\enron_mail_20110402\maildir\shapiro-r\patriotism,eaderstructure invalid: Message-ID field is empty
2024-12-23 19:33:16,C:\Users\pc\Desktop\retotecnico\emailSearch\indexer\data\enron_mail_20110402\maildir\shapiro-r\organizational_issues,eaderstructure invalid: Message-ID field is empty
2024-12-23 19:33:18,C:\Users\pc\Desktop\retotecnico\emailSearch\indexer\data\enron_mail_20110402\maildir\shapiro-r\personal_travel,eaderstructure invalid: Message-ID field is empty
2024-12-23 19:33:18,C:\Users\pc\Desktop\retotecnico\emailSearch\indexer\data\enron_mail_20110402\maildir\shapiro-r\pg_e_bankruptcy,eaderstructure invalid: Message-ID field is empty
2024-12-23 19:33:18,C:\Users\pc\Desktop\retotecnico\emailSearch\indexer\data\enron_mail_20110402\maildir\shapiro-r\pge_sale,eaderstructure invalid: Message-ID field is empty
2024-12-23 19:33:18,C:\Users\pc\Desktop\retotecnico\emailSearch\indexer\data\enron_mail_20110402\maildir\shapiro-r\policy_papers,eaderstructure invalid: Message-ID field is empty
2024-12-23 19:33:18,C:\Users\pc\Desktop\retotecnico\emailSearch\indexer\data\enron_mail_20110402\maildir\shapiro-r\presentations,eaderstructure invalid: Message-ID field is empty
2024-12-23 19:33:18,C:\Users\pc\Desktop\retotecnico\emailSearch\indexer\data\enron_mail_20110402\maildir\shapiro-r\price_risk_management_,eaderstructure invalid: Message-ID field is empty
2024-12-23 19:33:18,C:\Users\pc\Desktop\retotecnico\emailSearch\indexer\data\enron_mail_20110402\maildir\shapiro-r\qf_s___risk_analysis,eaderstructure invalid: Message-ID field is empty
2024-12-23 19:33:18,C:\Users\pc\Desktop\retotecnico\emailSearch\indexer\data\enron_mail_20110402\maildir\shapiro-r\rac,eaderstructure invalid: Message-ID field is empty
2024-12-23 19:33:18,C:\Users\pc\Desktop\retotecnico\emailSearch\indexer\data\enron_mail_20110402\maildir\shapiro-r\personnel,eaderstructure invalid: Message-ID field is empty
2024-12-23 19:33:18,C:\Users\pc\Desktop\retotecnico\emailSearch\indexer\data\enron_mail_20110402\maildir\shapiro-r\personal,eaderstructure invalid: Message-ID field is empty
2024-12-23 19:33:19,C:\Users\pc\Desktop\retotecnico\emailSearch\indexer\data\enron_mail_20110402\maildir\shapiro-r\rail,eaderstructure invalid: Message-ID field is empty
2024-12-23 19:33:19,C:\Users\pc\Desktop\retotecnico\emailSearch\indexer\data\enron_mail_20110402\maildir\shapiro-r\resource_committment_req_s,eaderstructure invalid: Message-ID field is empty
2024-12-23 19:33:19,C:\Users\pc\Desktop\retotecnico\emailSearch\indexer\data\enron_mail_20110402\maildir\shapiro-r\refund_cases,eaderstructure invalid: Message-ID field is empty
2024-12-23 19:33:19,C:\Users\pc\Desktop\retotecnico\emailSearch\indexer\data\enron_mail_20110402\maildir\shapiro-r\risk_analytics,eaderstructure invalid: Message-ID field is empty
2024-12-23 19:33:19,C:\Users\pc\Desktop\retotecnico\emailSearch\indexer\data\enron_mail_20110402\maildir\shapiro-r\retail_markets,eaderstructure invalid: Message-ID field is empty
2024-12-23 19:33:19,C:\Users\pc\Desktop\retotecnico\emailSearch\indexer\data\enron_mail_20110402\maildir\shapiro-r\rto_campaign,eaderstructure invalid: Message-ID field is empty
2024-12-23 19:33:19,C:\Users\pc\Desktop\retotecnico\emailSearch\indexer\data\enron_mail_20110402\maildir\shapiro-r\rto_campaign\show_cause_motion,eaderstructure invalid: Message-ID field is empty
2024-12-23 19:33:19,C:\Users\pc\Desktop\retotecnico\emailSearch\indexer\data\enron_mail_20110402\maildir\shapiro-r\sce_deal,eaderstructure invalid: Message-ID field is empty
2024-12-23 19:33:19,C:\Users\pc\Desktop\retotecnico\emailSearch\indexer\data\enron_mail_20110402\maildir\shapiro-r\retail_operations,eaderstructure invalid: Message-ID field is empty
2024-12-23 19:33:19,C:\Users\pc\Desktop\retotecnico\emailSearch\indexer\data\enron_mail_20110402\maildir\shapiro-r\rto_filings__order_2000,eaderstructure invalid: Message-ID field is empty
2024-12-23 19:33:19,C:\Users\pc\Desktop\retotecnico\emailSearch\indexer\data\enron_mail_20110402\maildir\shapiro-r\sent_items,eaderstructure invalid: Message-ID field is empty
2024-12-23 19:33:19,C:\Users\pc\Desktop\retotecnico\emailSearch\indexer\data\enron_mail_20110402\maildir\shapiro-r\sent,eaderstructure invalid: Message-ID field is empty
2024-12-23 19:33:19,C:\Users\pc\Desktop\retotecnico\emailSearch\indexer\data\enron_mail_20110402\maildir\shapiro-r\shopping,eaderstructure invalid: Message-ID field is empty
2024-12-23 19:33:19,C:\Users\pc\Desktop\retotecnico\emailSearch\indexer\data\enron_mail_20110402\maildir\shapiro-r\southeast,eaderstructure invalid: Message-ID field is empty
2024-12-23 19:33:19,C:\Users\pc\Desktop\retotecnico\emailSearch\indexer\data\enron_mail_20110402\maildir\shapiro-r\sec,eaderstructure invalid: Message-ID field is empty
2024-12-23 19:33:19,C:\Users\pc\Desktop\retotecnico\emailSearch\indexer\data\enron_mail_20110402\maildir\shapiro-r\southern_cone,eaderstructure invalid: Message-ID field is empty
2024-12-23 19:33:19,C:\Users\pc\Desktop\retotecnico\emailSearch\indexer\data\enron_mail_20110402\maildir\shapiro-r\speaking_engagements,eaderstructure invalid: Message-ID field is empty
2024-12-23 19:33:19,C:\Users\pc\Desktop\retotecnico\emailSearch\indexer\data\enron_mail_20110402\maildir\shapiro-r\staff_meetings,eaderstructure invalid: Message-ID field is empty
2024-12-23 19:33:19,C:\Users\pc\Desktop\retotecnico\emailSearch\indexer\data\enron_mail_20110402\maildir\shapiro-r\steel,eaderstructure invalid: Message-ID field is empty
2024-12-23 19:33:19,C:\Users\pc\Desktop\retotecnico\emailSearch\indexer\data\enron_mail_20110402\maildir\shapiro-r\synfuel_tax_crredits,eaderstructure invalid: Message-ID field is empty
2024-12-23 19:33:19,C:\Users\pc\Desktop\retotecnico\emailSearch\indexer\data\enron_mail_20110402\maildir\shapiro-r\texas,eaderstructure invalid: Message-ID field is empty
2024-12-23 19:33:19,C:\Users\pc\Desktop\retotecnico\emailSearch\indexer\data\enron_mail_20110402\maildir\shapiro-r\tax,eaderstructure invalid: Message-ID field is empty
2024-12-23 19:33:19,C:\Users\pc\Desktop\retotecnico\emailSearch\indexer\data\enron_mail_20110402\maildir\shapiro-r\training__gov_t__affairs,eaderstructure invalid: Message-ID field is empty
2024-12-23 19:33:19,C:\Users\pc\Desktop\retotecnico\emailSearch\indexer\data\enron_mail_20110402\maildir\shapiro-r\tva,eaderstructure invalid: Message-ID field is empty
2024-12-23 19:33:19,C:\Users\pc\Desktop\retotecnico\emailSearch\indexer\data\enron_mail_20110402\maildir\shapiro-r\value,eaderstructure invalid: Message-ID field is empty
2024-12-23 19:33:19,C:\Users\pc\Desktop\retotecnico\emailSearch\indexer\data\enron_mail_20110402\maildir\shapiro-r\vp_prc,eaderstructure invalid: Message-ID field is empty
2024-12-23 19:33:19,C:\Users\pc\Desktop\retotecnico\emailSearch\indexer\data\enron_mail_20110402\maildir\shapiro-r\venezuela_colombia,eaderstructure invalid: Message-ID field is empty
2024-12-23 19:33:19,C:\Users\pc\Desktop\retotecnico\emailSearch\indexer\data\enron_mail_20110402\maildir\shapiro-r\west,eaderstructure invalid: Message-ID field is empty
2024-12-23 19:33:19,C:\Users\pc\Desktop\retotecnico\emailSearch\indexer\data\enron_mail_20110402\maildir\shapiro-r\western_governor_s_university,eaderstructure invalid: Message-ID field is empty
2024-12-23 19:33:19,C:\Users\pc\Desktop\retotecnico\emailSearch\indexer\data\enron_mail_20110402\maildir\shapiro-r\wholesale_markets,eaderstructure invalid: Message-ID field is empty
2024-12-23 19:33:19,C:\Users\pc\Desktop\retotecnico\emailSearch\indexer\data\enron_mail_20110402\maildir\south-s\_sent_mail,eaderstructure invalid: Message-ID field is empty
2024-12-23 19:33:19,C:\Users\pc\Desktop\retotecnico\emailSearch\indexer\data\enron_mail_20110402\maildir\shapiro-r,eaderstructure invalid: Message-ID field is empty
2024-12-23 19:33:19,C:\Users\pc\Desktop\retotecnico\emailSearch\indexer\data\enron_mail_20110402\maildir\south-s\all_documents,eaderstructure invalid: Message-ID field is empty
2024-12-23 19:33:20,C:\Users\pc\Desktop\retotecnico\emailSearch\indexer\data\enron_mail_20110402\maildir\south-s\discussion_threads,eaderstructure invalid: Message-ID field is empty
2024-12-23 19:33:20,C:\Users\pc\Desktop\retotecnico\emailSearch\indexer\data\enron_mail_20110402\maildir\south-s\notes_inbox,eaderstructure invalid: Message-ID field is empty
2024-12-23 19:33:20,C:\Users\pc\Desktop\retotecnico\emailSearch\indexer\data\enron_mail_20110402\maildir\south-s\sent,eaderstructure invalid: Message-ID field is empty
2024-12-23 19:33:20,C:\Users\pc\Desktop\retotecnico\emailSearch\indexer\data\enron_mail_20110402\maildir\south-s\southeast,eaderstructure invalid: Message-ID field is empty
2024-12-23 19:33:20,C:\Users\pc\Desktop\retotecnico\emailSearch\indexer\data\enron_mail_20110402\maildir\south-s\southern_cone,eaderstructure invalid: Message-ID field is empty
2024-12-23 19:33:20,C:\Users\pc\Desktop\retotecnico\emailSearch\indexer\data\enron_mail_20110402\maildir\south-s,eaderstructure invalid: Message-ID field is empty
2024-12-23 19:33:20,C:\Users\pc\Desktop\retotecnico\emailSearch\indexer\data\enron_mail_20110402\maildir\staab-t\accounting_issues,eaderstructure invalid: Message-ID field is empty
2024-12-23 19:33:20,C:\Users\pc\Desktop\retotecnico\emailSearch\indexer\data\enron_mail_20110402\maildir\staab-t\citizens,eaderstructure invalid: Message-ID field is empty
2024-12-23 19:33:20,C:\Users\pc\Desktop\retotecnico\emailSearch\indexer\data\enron_mail_20110402\maildir\staab-t\contract_bids,eaderstructure invalid: Message-ID field is empty
2024-12-23 19:33:20,C:\Users\pc\Desktop\retotecnico\emailSearch\indexer\data\enron_mail_20110402\maildir\staab-t\corporate,eaderstructure invalid: Message-ID field is empty
2024-12-23 19:33:20,C:\Users\pc\Desktop\retotecnico\emailSearch\indexer\data\enron_mail_20110402\maildir\staab-t\crestone,eaderstructure invalid: Message-ID field is empty
2024-12-23 19:33:20,C:\Users\pc\Desktop\retotecnico\emailSearch\indexer\data\enron_mail_20110402\maildir\staab-t\deleted_items,eaderstructure invalid: Message-ID field is empty
2024-12-23 19:33:20,C:\Users\pc\Desktop\retotecnico\emailSearch\indexer\data\enron_mail_20110402\maildir\staab-t\desert_power,eaderstructure invalid: Message-ID field is empty
2024-12-23 19:33:20,C:\Users\pc\Desktop\retotecnico\emailSearch\indexer\data\enron_mail_20110402\maildir\staab-t\inbox,eaderstructure invalid: Message-ID field is empty
2024-12-23 19:33:20,C:\Users\pc\Desktop\retotecnico\emailSearch\indexer\data\enron_mail_20110402\maildir\staab-t\lost_creek,eaderstructure invalid: Message-ID field is empty
2024-12-23 19:33:20,C:\Users\pc\Desktop\retotecnico\emailSearch\indexer\data\enron_mail_20110402\maildir\staab-t\mark_whitt,eaderstructure invalid: Message-ID field is empty
2024-12-23 19:33:20,C:\Users\pc\Desktop\retotecnico\emailSearch\indexer\data\enron_mail_20110402\maildir\staab-t\post_bankruptcy,eaderstructure invalid: Message-ID field is empty
2024-12-23 19:33:20,C:\Users\pc\Desktop\retotecnico\emailSearch\indexer\data\enron_mail_20110402\maildir\staab-t\psco,eaderstructure invalid: Message-ID field is empty
2024-12-23 19:33:20,C:\Users\pc\Desktop\retotecnico\emailSearch\indexer\data\enron_mail_20110402\maildir\staab-t\sent_items,eaderstructure invalid: Message-ID field is empty
2024-12-23 19:33:20,C:\Users\pc\Desktop\retotecnico\emailSearch\indexer\data\enron_mail_20110402\maildir\staab-t\personal,eaderstructure invalid: Message-ID field is empty
2024-12-23 19:33:20,C:\Users\pc\Desktop\retotecnico\emailSearch\indexer\data\enron_mail_20110402\maildir\staab-t\tasks,eaderstructure invalid: Message-ID field is empty
2024-12-23 19:33:20,C:\Users\pc\Desktop\retotecnico\emailSearch\indexer\data\enron_mail_20110402\maildir\ward-k\akzo_nobel___filtrol,eaderstructure invalid: Message-ID field is empty
2024-12-23 19:33:20,C:\Users\pc\Desktop\retotecnico\emailSearch\indexer\data\enron_mail_20110402\maildir\staab-t,eaderstructure invalid: Message-ID field is empty
2024-12-23 19:33:20,C:\Users\pc\Desktop\retotecnico\emailSearch\indexer\data\enron_mail_20110402\maildir\staab-t\unify,eaderstructure invalid: Message-ID field is empty
2024-12-23 19:33:20,C:\Users\pc\Desktop\retotecnico\emailSearch\indexer\data\enron_mail_20110402\maildir\staab-t\to_do_list,eaderstructure invalid: Message-ID field is empty
2024-12-23 19:33:20,C:\Users\pc\Desktop\retotecnico\emailSearch\indexer\data\enron_mail_20110402\maildir\ward-k\_sent_mail,eaderstructure invalid: Message-ID field is empty
2024-12-23 19:33:20,C:\Users\pc\Desktop\retotecnico\emailSearch\indexer\data\enron_mail_20110402\maildir\ward-k\administrative,eaderstructure invalid: Message-ID field is empty
2024-12-23 19:33:20,C:\Users\pc\Desktop\retotecnico\emailSearch\indexer\data\enron_mail_20110402\maildir\ward-k\all_documents,eaderstructure invalid: Message-ID field is empty
2024-12-23 19:33:20,C:\Users\pc\Desktop\retotecnico\emailSearch\indexer\data\enron_mail_20110402\maildir\ward-k\basin_electric,eaderstructure invalid: Message-ID field is empty
2024-12-23 19:33:20,C:\Users\pc\Desktop\retotecnico\emailSearch\indexer\data\enron_mail_20110402\maildir\ward-k\arco,eaderstructure invalid: Message-ID field is empty
2024-12-23 19:33:20,C:\Users\pc\Desktop\retotecnico\emailSearch\indexer\data\enron_mail_20110402\maildir\ward-k\california,eaderstructure invalid: Message-ID field is empty
2024-12-23 19:33:20,C:\Users\pc\Desktop\retotecnico\emailSearch\indexer\data\enron_mail_20110402\maildir\ward-k\contacts,eaderstructure invalid: Message-ID field is empty
2024-12-23 19:33:20,C:\Users\pc\Desktop\retotecnico\emailSearch\indexer\data\enron_mail_20110402\maildir\ward-k\cdwr,eaderstructure invalid: Message-ID field is empty
2024-12-23 19:33:20,C:\Users\pc\Desktop\retotecnico\emailSearch\indexer\data\enron_mail_20110402\maildir\ward-k\bhp,eaderstructure invalid: Message-ID field is empty
2024-12-23 19:33:20,C:\Users\pc\Desktop\retotecnico\emailSearch\indexer\data\enron_mail_20110402\maildir\ward-k\citizens_utilities,eaderstructure invalid: Message-ID field is empty
2024-12-23 19:33:20,C:\Users\pc\Desktop\retotecnico\emailSearch\indexer\data\enron_mail_20110402\maildir\ward-k\deleted_items,eaderstructure invalid: Message-ID field is empty
2024-12-23 19:33:20,C:\Users\pc\Desktop\retotecnico\emailSearch\indexer\data\enron_mail_20110402\maildir\ward-k\discussion_threads,eaderstructure invalid: Message-ID field is empty
2024-12-23 19:33:20,C:\Users\pc\Desktop\retotecnico\emailSearch\indexer\data\enron_mail_20110402\maildir\ward-k\eastern_new_mexico_gas_co_,eaderstructure invalid: Message-ID field is empty
2024-12-23 19:33:20,C:\Users\pc\Desktop\retotecnico\emailSearch\indexer\data\enron_mail_20110402\maildir\ward-k\el_paso_electric,eaderstructure invalid: Message-ID field is empty
2024-12-23 19:33:20,C:\Users\pc\Desktop\retotecnico\emailSearch\indexer\data\enron_mail_20110402\maildir\ward-k\frito_lay,eaderstructure invalid: Message-ID field is empty
2024-12-23 19:33:20,C:\Users\pc\Desktop\retotecnico\emailSearch\indexer\data\enron_mail_20110402\maildir\ward-k\gas_customers___chris_foster,eaderstructure invalid: Message-ID field is empty
2024-12-23 19:33:20,C:\Users\pc\Desktop\retotecnico\emailSearch\indexer\data\enron_mail_20110402\maildir\ward-k\glendale,eaderstructure invalid: Message-ID field is empty
2024-12-23 19:33:20,C:\Users\pc\Desktop\retotecnico\emailSearch\indexer\data\enron_mail_20110402\maildir\ward-k\hesco,eaderstructure invalid: Message-ID field is empty
2024-12-23 19:33:20,C:\Users\pc\Desktop\retotecnico\emailSearch\indexer\data\enron_mail_20110402\maildir\ward-k\henwood,eaderstructure invalid: Message-ID field is empty
2024-12-23 19:33:20,C:\Users\pc\Desktop\retotecnico\emailSearch\indexer\data\enron_mail_20110402\maildir\ward-k\inbox,eaderstructure invalid: Message-ID field is empty
2024-12-23 19:33:20,C:\Users\pc\Desktop\retotecnico\emailSearch\indexer\data\enron_mail_20110402\maildir\ward-k\inbox\temporary,eaderstructure invalid: Message-ID field is empty
2024-12-23 19:33:20,C:\Users\pc\Desktop\retotecnico\emailSearch\indexer\data\enron_mail_20110402\maildir\ward-k\knauf,eaderstructure invalid: Message-ID field is empty
2024-12-23 19:33:20,C:\Users\pc\Desktop\retotecnico\emailSearch\indexer\data\enron_mail_20110402\maildir\ward-k\las_cruces,eaderstructure invalid: Message-ID field is empty
2024-12-23 19:33:20,C:\Users\pc\Desktop\retotecnico\emailSearch\indexer\data\enron_mail_20110402\maildir\ward-k\ldwp,eaderstructure invalid: Message-ID field is empty
2024-12-23 19:33:20,C:\Users\pc\Desktop\retotecnico\emailSearch\indexer\data\enron_mail_20110402\maildir\ward-k\long_beach,eaderstructure invalid: Message-ID field is empty
2024-12-23 19:33:20,C:\Users\pc\Desktop\retotecnico\emailSearch\indexer\data\enron_mail_20110402\maildir\ward-k\merced,eaderstructure invalid: Message-ID field is empty
2024-12-23 19:33:20,C:\Users\pc\Desktop\retotecnico\emailSearch\indexer\data\enron_mail_20110402\maildir\ward-k\midesto,eaderstructure invalid: Message-ID field is empty
2024-12-23 19:33:20,C:\Users\pc\Desktop\retotecnico\emailSearch\indexer\data\enron_mail_20110402\maildir\ward-k\mesa,eaderstructure invalid: Message-ID field is empty
2024-12-23 19:33:20,C:\Users\pc\Desktop\retotecnico\emailSearch\indexer\data\enron_mail_20110402\maildir\ward-k\noresco,eaderstructure invalid: Message-ID field is empty
2024-12-23 19:33:20,C:\Users\pc\Desktop\retotecnico\emailSearch\indexer\data\enron_mail_20110402\maildir\ward-k\ncpa,eaderstructure invalid: Message-ID field is empty
2024-12-23 19:33:20,C:\Users\pc\Desktop\retotecnico\emailSearch\indexer\data\enron_mail_20110402\maildir\ward-k\pasadena,eaderstructure invalid: Message-ID field is empty
2024-12-23 19:33:20,C:\Users\pc\Desktop\retotecnico\emailSearch\indexer\data\enron_mail_20110402\maildir\ward-k\palo_alto,eaderstructure invalid: Message-ID field is empty
2024-12-23 19:33:20,C:\Users\pc\Desktop\retotecnico\emailSearch\indexer\data\enron_mail_20110402\maildir\ward-k\pipeline,eaderstructure invalid: Message-ID field is empty
2024-12-23 19:33:20,C:\Users\pc\Desktop\retotecnico\emailSearch\indexer\data\enron_mail_20110402\maildir\ward-k\personal,eaderstructure invalid: Message-ID field is empty
2024-12-23 19:33:20,C:\Users\pc\Desktop\retotecnico\emailSearch\indexer\data\enron_mail_20110402\maildir\ward-k\sent,eaderstructure invalid: Message-ID field is empty
2024-12-23 19:33:20,C:\Users\pc\Desktop\retotecnico\emailSearch\indexer\data\enron_mail_20110402\maildir\ward-k\pnm,eaderstructure invalid: Message-ID field is empty
2024-12-23 19:33:20,C:\Users\pc\Desktop\retotecnico\emailSearch\indexer\data\enron_mail_20110402\maildir\ward-k\san_diego_gas___electric,eaderstructure invalid: Message-ID field is empty
2024-12-23 19:33:20,C:\Users\pc\Desktop\retotecnico\emailSearch\indexer\data\enron_mail_20110402\maildir\ward-k\roseville,eaderstructure invalid: Message-ID field is empty
2024-12-23 19:33:20,C:\Users\pc\Desktop\retotecnico\emailSearch\indexer\data\enron_mail_20110402\maildir\ward-k\sent_items,eaderstructure invalid: Message-ID field is empty
2024-12-23 19:33:20,C:\Users\pc\Desktop\retotecnico\emailSearch\indexer\data\enron_mail_20110402\maildir\ward-k\smud,eaderstructure invalid: Message-ID field is empty
2024-12-23 19:33:20,C:\Users\pc\Desktop\retotecnico\emailSearch\indexer\data\enron_mail_20110402\maildir\ward-k\socal_gas,eaderstructure invalid: Message-ID field is empty
2024-12-23 19:33:20,C:\Users\pc\Desktop\retotecnico\emailSearch\indexer\data\enron_mail_20110402\maildir\ward-k\smurfit,eaderstructure invalid: Message-ID field is empty
2024-12-23 19:33:20,C:\Users\pc\Desktop\retotecnico\emailSearch\indexer\data\enron_mail_20110402\maildir\ward-k\tasks,eaderstructure invalid: Message-ID field is empty
2024-12-23 19:33:20,C:\Users\pc\Desktop\retotecnico\emailSearch\indexer\data\enron_mail_20110402\maildir\ward-k\to_do,eaderstructure invalid: Message-ID field is empty
2024-12-23 19:33:20,C:\Users\pc\Desktop\retotecnico\emailSearch\indexer\data\enron_mail_20110402\maildir\ward-k\srp,eaderstructure invalid: Message-ID field is empty
2024-12-23 19:33:20,C:\Users\pc\Desktop\retotecnico\emailSearch\indexer\data\enron_mail_20110402\maildir\ward-k\transportation,eaderstructure invalid: Message-ID field is empty
2024-12-23 19:33:20,C:\Users\pc\Desktop\retotecnico\emailSearch\indexer\data\enron_mail_20110402\maildir\ward-k\tep,eaderstructure invalid: Message-ID field is empty
2024-12-23 19:33:21,C:\Users\pc\Desktop\retotecnico\emailSearch\indexer\data\enron_mail_20110402\maildir\ward-k\west_gas_origination,eaderstructure invalid: Message-ID field is empty
2024-12-23 19:33:21,C:\Users\pc\Desktop\retotecnico\emailSearch\indexer\data\enron_mail_20110402\maildir\zipper-a\associate_prc,eaderstructure invalid: Message-ID field is empty
2024-12-23 19:33:21,C:\Users\pc\Desktop\retotecnico\emailSearch\indexer\data\enron_mail_20110402\maildir\zipper-a\all_documents,eaderstructure invalid: Message-ID field is empty
2024-12-23 19:33:21,C:\Users\pc\Desktop\retotecnico\emailSearch\indexer\data\enron_mail_20110402\maildir\ward-k,eaderstructure invalid: Message-ID field is empty
2024-12-23 19:33:21,C:\Users\pc\Desktop\retotecnico\emailSearch\indexer\data\enron_mail_20110402\maildir\zipper-a\broker_client,eaderstructure invalid: Message-ID field is empty
2024-12-23 19:33:21,C:\Users\pc\Desktop\retotecnico\emailSearch\indexer\data\enron_mail_20110402\maildir\zipper-a\calendar,eaderstructure invalid: Message-ID field is empty
2024-12-23 19:33:21,C:\Users\pc\Desktop\retotecnico\emailSearch\indexer\data\enron_mail_20110402\maildir\zipper-a\charges,eaderstructure invalid: Message-ID field is empty
2024-12-23 19:33:21,C:\Users\pc\Desktop\retotecnico\emailSearch\indexer\data\enron_mail_20110402\maildir\zipper-a\contacts,eaderstructure invalid: Message-ID field is empty
2024-12-23 19:33:21,C:\Users\pc\Desktop\retotecnico\emailSearch\indexer\data\enron_mail_20110402\maildir\zipper-a\deleted_items,eaderstructure invalid: Message-ID field is empty
2024-12-23 19:33:21,C:\Users\pc\Desktop\retotecnico\emailSearch\indexer\data\enron_mail_20110402\maildir\zipper-a\discussion_threads,eaderstructure invalid: Message-ID field is empty
2024-12-23 19:33:21,C:\Users\pc\Desktop\retotecnico\emailSearch\indexer\data\enron_mail_20110402\maildir\zipper-a\emetra,eaderstructure invalid: Message-ID field is empty
2024-12-23 19:33:21,C:\Users\pc\Desktop\retotecnico\emailSearch\indexer\data\enron_mail_20110402\maildir\zipper-a\eol,eaderstructure invalid: Message-ID field is empty
2024-12-23 19:33:21,C:\Users\pc\Desktop\retotecnico\emailSearch\indexer\data\enron_mail_20110402\maildir\zipper-a\hs,eaderstructure invalid: Message-ID field is empty
2024-12-23 19:33:21,C:\Users\pc\Desktop\retotecnico\emailSearch\indexer\data\enron_mail_20110402\maildir\zipper-a\espeed,eaderstructure invalid: Message-ID field is empty
2024-12-23 19:33:21,C:\Users\pc\Desktop\retotecnico\emailSearch\indexer\data\enron_mail_20110402\maildir\zipper-a\inbox,eaderstructure invalid: Message-ID field is empty
2024-12-23 19:33:21,C:\Users\pc\Desktop\retotecnico\emailSearch\indexer\data\enron_mail_20110402\maildir\zipper-a\kiodex,eaderstructure invalid: Message-ID field is empty
2024-12-23 19:33:21,C:\Users\pc\Desktop\retotecnico\emailSearch\indexer\data\enron_mail_20110402\maildir\zipper-a\natsource,eaderstructure invalid: Message-ID field is empty
2024-12-23 19:33:21,C:\Users\pc\Desktop\retotecnico\emailSearch\indexer\data\enron_mail_20110402\maildir\zipper-a\reuters,eaderstructure invalid: Message-ID field is empty
2024-12-23 19:33:21,C:\Users\pc\Desktop\retotecnico\emailSearch\indexer\data\enron_mail_20110402\maildir\zipper-a\origination,eaderstructure invalid: Message-ID field is empty
2024-12-23 19:33:21,C:\Users\pc\Desktop\retotecnico\emailSearch\indexer\data\enron_mail_20110402\maildir\zipper-a\nymex,eaderstructure invalid: Message-ID field is empty
2024-12-23 19:33:21,C:\Users\pc\Desktop\retotecnico\emailSearch\indexer\data\enron_mail_20110402\maildir\zipper-a\sent,eaderstructure invalid: Message-ID field is empty
2024-12-23 19:33:21,C:\Users\pc\Desktop\retotecnico\emailSearch\indexer\data\enron_mail_20110402\maildir\zipper-a\offline,eaderstructure invalid: Message-ID field is empty
2024-12-23 19:33:21,C:\Users\pc\Desktop\retotecnico\emailSearch\indexer\data\enron_mail_20110402\maildir\zipper-a\sent_items,eaderstructure invalid: Message-ID field is empty
2024-12-23 19:33:21,C:\Users\pc\Desktop\retotecnico\emailSearch\indexer\data\enron_mail_20110402\maildir\zipper-a\tasks,eaderstructure invalid: Message-ID field is empty
2024-12-23 19:33:21,C:\Users\pc\Desktop\retotecnico\emailSearch\indexer\data\enron_mail_20110402\maildir\zipper-a\tq,eaderstructure invalid: Message-ID field is empty
2024-12-23 19:33:21,C:\Users\pc\Desktop\retotecnico\emailSearch\indexer\data\enron_mail_20110402\maildir\zipper-a\tradecounts,eaderstructure invalid: Message-ID field is empty
2024-12-23 19:33:21,C:\Users\pc\Desktop\retotecnico\emailSearch\indexer\data\enron_mail_20110402\maildir\zipper-a\tss,eaderstructure invalid: Message-ID field is empty
2024-12-23 19:33:21,C:\Users\pc\Desktop\retotecnico\emailSearch\indexer\data\enron_mail_20110402\maildir\zipper-a,eaderstructure invalid: Message-ID field is empty
2024-12-23 19:33:21,C:\Users\pc\Desktop\retotecnico\emailSearch\indexer\data\enron_mail_20110402\maildir\zufferli-j\all_documents,eaderstructure invalid: Message-ID field is empty
2024-12-23 19:33:21,C:\Users\pc\Desktop\retotecnico\emailSearch\indexer\data\enron_mail_20110402\maildir\zufferli-j\calendar,eaderstructure invalid: Message-ID field is empty
2024-12-23 19:33:21,C:\Users\pc\Desktop\retotecnico\emailSearch\indexer\data\enron_mail_20110402\maildir\zufferli-j\deleted_items,eaderstructure invalid: Message-ID field is empty
2024-12-23 19:33:21,C:\Users\pc\Desktop\retotecnico\emailSearch\indexer\data\enron_mail_20110402\maildir\zufferli-j\discussion_threads,eaderstructure invalid: Message-ID field is empty
2024-12-23 19:33:21,C:\Users\pc\Desktop\retotecnico\emailSearch\indexer\data\enron_mail_20110402\maildir\zipper-a\to_do,eaderstructure invalid: Message-ID field is empty
2024-12-23 19:33:21,C:\Users\pc\Desktop\retotecnico\emailSearch\indexer\data\enron_mail_20110402\maildir\zufferli-j\inbox\quotes,eaderstructure invalid: Message-ID field is empty
2024-12-23 19:33:21,C:\Users\pc\Desktop\retotecnico\emailSearch\indexer\data\enron_mail_20110402\maildir\zufferli-j\inbox,eaderstructure invalid: Message-ID field is empty
2024-12-23 19:33:21,C:\Users\pc\Desktop\retotecnico\emailSearch\indexer\data\enron_mail_20110402\maildir\zufferli-j\sent_items,eaderstructure invalid: Message-ID field is empty
2024-12-23 19:33:21,C:\Users\pc\Desktop\retotecnico\emailSearch\indexer\data\enron_mail_20110402\maildir\zufferli-j,eaderstructure invalid: Message-ID field is empty
